,product_name,product_link,ingredient_name
0,Flora Buttery Spread with Natural Ingredients 1kg,https://groceries.asda.com/product/sunflower-lighter-spreads/flora-buttery-spread-with-natural-ingredients-1-kg/1000383209183,Ingredients:
1,Flora Buttery Spread with Natural Ingredients 450g,https://groceries.asda.com/product/spreads/flora-buttery-spread-with-natural-ingredients-450-g/1000383209199,Ingredients:
2,Flora Lighter Spread With Natural Ingredients 1kg,https://groceries.asda.com/product/sunflower-lighter-spreads/flora-lighter-spread-with-natural-ingredients-1-kg/1000383209877,Ingredients:
3,Flora Lighter Spread With Natural Ingredients 450g,https://groceries.asda.com/product/dairy-free-spreads-pastry/flora-lighter-spread-with-natural-ingredients-450-g/1000383209188,Ingredients:
4,Flora Original Spread with Natural Ingredients 1kg,https://groceries.asda.com/product/spreads/flora-original-spread-with-natural-ingredients-1-kg/1000383209196,Ingredients:
5,Flora Original Spread with Natural Ingredients 450g,https://groceries.asda.com/product/dairy-free-spreads-pastry/flora-original-spread-with-natural-ingredients-450-g/1000383213861,Ingredients:
6,Flora Buttery Spread with Natural Ingredients 250g,https://groceries.asda.com/product/dairy-free-spreads-pastry/flora-buttery-spread-with-natural-ingredients-250-g/1000383209166,Ingredients:
7,Flora Lighter Spread With Natural Ingredients 250g,https://groceries.asda.com/product/spreads/flora-lighter-spread-with-natural-ingredients-250-g/1000383209178,Ingredients:
8,Head & Shoulders Bare Soothing Hydration Anti-dandruff Shampoo. Minimal Ingredients. 400 ml,https://groceries.asda.com/product/shampoo/head-shoulders-bare-soothing-hydration-anti-dandruff-shampoo-minimal-ingredients-400-ml/1000383191165,Ingredients:
9,Yutaka Sushi Nori,https://groceries.asda.com/product/sushi-ingredients/yutaka-sushi-nori/910000339386,Ingredients:
10,Yutaka Sushi Rice,https://groceries.asda.com/product/sushi-ingredients/yutaka-sushi-rice/910000339161,Ingredients:
11,ASDA Water Chestnuts,https://groceries.asda.com/product/marinades-ingredients/asda-water-chestnuts/910002208586,Ingredients:
12,Yutaka White Miso Paste,https://groceries.asda.com/product/marinades-ingredients/yutaka-white-miso-paste/1000211259375,Ingredients:
13,ASDA Bamboo Shoots,https://groceries.asda.com/product/marinades-ingredients/asda-bamboo-shoots/910002208749,Ingredients:
14,ASDA 6 Large Free Range Eggs,https://groceries.asda.com/product/free-range-eggs/asda-6-large-free-range-eggs/20510,Ingredients:
15,Yutaka Wasabi Paste,https://groceries.asda.com/product/marinades-ingredients/yutaka-wasabi-paste/1000211259561,Ingredients:
16,Yutaka Mirin Sweet Rice Seasoning,https://groceries.asda.com/product/marinades-ingredients/yutaka-mirin-sweet-rice-seasoning/1000211259510,Ingredients:
17,Ajumma Republic Kimchi Korean Pickled Cabbage,https://groceries.asda.com/product/marinades-ingredients/ajumma-republic-kimchi-korean-pickled-cabbage/1000046413108,Ingredients:
18,Itsu Miso' Easy Traditional,https://groceries.asda.com/product/marinades-ingredients/itsu-miso-easy-traditional/1000351252664,Ingredients:
19,Itsu Miso' Easy Chilli Miso,https://groceries.asda.com/product/marinades-ingredients/itsu-miso-easy-chilli-miso/1000351252673,Ingredients:
20,YO! Korean Style Sweet Chill,https://groceries.asda.com/product/marinades-ingredients/yo-korean-style-sweet-chill/1000351252757,Ingredients:
21,Al Fez Natural Tahini Paste,https://groceries.asda.com/product/marinades-ingredients/al-fez-natural-tahini-paste/1000381817287,Ingredients:
22,KTC Sweetened Alphonso Mango Pulp,https://groceries.asda.com/product/indian-asian-cooking-ingredients/ktc-sweetened-alphonso-mango-pulp/78624856,Ingredients:
23,Bodrum Hulled Tahini Natural Sesame Seed Paste,https://groceries.asda.com/product/italian-mediterranean-cooking-ingredients/bodrum-hulled-tahini-natural-sesame-seed-paste/1000288781198,Ingredients:
24,East End Kasuri Methi Fenugreek,https://groceries.asda.com/product/indian-asian-cooking-ingredients/east-end-kasuri-methi-fenugreek/13852567,Ingredients:
25,ASDA Glace Cherries,https://groceries.asda.com/product/baking-nuts-seeds-fruit/asda-glace-cherries/21061,Ingredients:
26,ASDA Mixed Fruit,https://groceries.asda.com/product/baking-nuts-seeds-fruit/asda-mixed-fruit/1000000986349,Ingredients:
27,Rajah Masala Blends Chana Masala,https://groceries.asda.com/product/marinades-ingredients/rajah-masala-blends-chana-masala/1000312272679,Ingredients:
28,Rajah Masala Blends Chicken Masala,https://groceries.asda.com/product/marinades-ingredients/rajah-masala-blends-chicken-masala/1000312272397,Ingredients:
29,Rajah Masala Blends Achari Gosht,https://groceries.asda.com/product/marinades-ingredients/rajah-masala-blends-achari-gosht/1000312272244,Ingredients:
30,Rajah Masala Blends Biryani Masala,https://groceries.asda.com/product/marinades-ingredients/rajah-masala-blends-biryani-masala/1000312272198,Ingredients:
31,Laila Red Split Lentils,https://groceries.asda.com/product/indian-asian-cooking-ingredients/laila-red-split-lentils/1000319492815,Ingredients:
32,Indus Red Split Lentils,https://groceries.asda.com/product/indian-asian-cooking-ingredients/indus-red-split-lentils/1000000985330,Ingredients:
33,Goldfish Original Chinese Curry Sauce Concentrate,https://groceries.asda.com/product/indian-asian-cooking-ingredients/goldfish-original-chinese-curry-sauce-concentrate/910001475767,Ingredients:
34,Riya's Original Recipe Tandoori Masala Mix,https://groceries.asda.com/product/indian-asian-cooking-ingredients/riyas-original-recipe-tandoori-masala-mix/910002346770,Ingredients:
35,Double Happiness Mirin 150ml,https://groceries.asda.com/product/marinades-ingredients/double-happiness-mirin-150-ml/1000383167195,Ingredients:
36,Riya's Original Recipe Peri Peri Spice Mix,https://groceries.asda.com/product/indian-asian-cooking-ingredients/riyas-original-recipe-peri-peri-spice-mix/910002346668,Ingredients:
37,ASDA Light Brown Sugar 500g,https://groceries.asda.com/product/demerara-brown-sugar/asda-light-brown-sugar-500-g/1000116563989,Ingredients:
38,Winiary Mayonnaise Majonez,https://groceries.asda.com/product/eastern-european-meals-ingredients/winiary-mayonnaise-majonez/910001518977,Ingredients:
39,Riya's Original Recipe Masala Fish Coat & Fry Mix,https://groceries.asda.com/product/indian-asian-cooking-ingredients/riyas-original-recipe-masala-fish-coat-fry-mix/910002346748,Ingredients:
40,Prymat Roasted Onion,https://groceries.asda.com/product/eastern-european-meals-ingredients/prymat-roasted-onion/910002531990,Ingredients:
41,Bodrum Bodrum Crispy Fried Onion 75g,https://groceries.asda.com/product/italian-mediterranean-cooking-ingredients/bodrum-bodrum-crispy-fried-onion-75-g/1000383190137,Ingredients:
42,Cypressa Sesame Seeds,https://groceries.asda.com/product/italian-mediterranean-cooking-ingredients/cypressa-sesame-seeds/2310418,Ingredients:
43,Ko-Lee Go Noodles Chicken Special Flavour 85g,https://groceries.asda.com/product/indian-asian-cooking-ingredients/ko-lee-go-noodles-chicken-special-flavour-85-g/910001101093,Ingredients:
44,Pudliszki Mild Tomato Ketchup,https://groceries.asda.com/product/eastern-european-meals-ingredients/pudliszki-mild-tomato-ketchup/39185473,Ingredients:
45,KTC Chick Peas in Salted Water,https://groceries.asda.com/product/indian-asian-cooking-ingredients/ktc-chick-peas-in-salted-water/29659390,Ingredients:
46,Indus Red Kidney Beans,https://groceries.asda.com/product/indian-asian-cooking-ingredients/indus-red-kidney-beans/1000000985956,Ingredients:
47,Rajah Paprika Powder,https://groceries.asda.com/product/indian-asian-cooking-ingredients/rajah-paprika-powder/39459,Ingredients:
48,KTC Red Kidney Beans in Water,https://groceries.asda.com/product/indian-asian-cooking-ingredients/ktc-red-kidney-beans-in-water/29659392,Ingredients:
49,ASDA Dauphinoise Potato Bake Sauce,https://groceries.asda.com/product/italian-mediterranean-cooking-ingredients/asda-dauphinoise-potato-bake-sauce/1000194416656,Ingredients:
50,KTC Pure Creamed Coconut 200g,https://groceries.asda.com/product/indian-asian-cooking-ingredients/ktc-pure-creamed-coconut-200-g/60764291,Ingredients:
51,Maggi 2 Minute Masala Flavour Instant Noodles,https://groceries.asda.com/product/indian-asian-cooking-ingredients/maggi-2-minute-masala-flavour-instant-noodles/910001384364,Ingredients:
52,Kucharek Universal Vegetable Seasoning,https://groceries.asda.com/product/eastern-european-meals-ingredients/kucharek-universal-vegetable-seasoning/910002668730,Ingredients:
53,Laila Light & Creamy Coconut Milk,https://groceries.asda.com/product/indian-asian-cooking-ingredients/laila-light-creamy-coconut-milk/1000315425078,Ingredients:
54,KTC Crispy Fried Onions 400g,https://groceries.asda.com/product/indian-asian-cooking-ingredients/ktc-crispy-fried-onions-400-g/1000383166950,Ingredients:
55,Indus Garlic Paste 340g,https://groceries.asda.com/product/indian-asian-cooking-ingredients/indus-garlic-paste-340-g/1000383157035,Ingredients:
56,Prymat Kebab-Gyros Seasoning,https://groceries.asda.com/product/eastern-european-meals-ingredients/prymat-kebab-gyros-seasoning/910002531388,Ingredients:
57,Rajah Garlic Powder,https://groceries.asda.com/product/indian-asian-cooking-ingredients/rajah-garlic-powder/390399,Ingredients:
58,KTC Chilli Beans in a Spicy Tomato Sauce,https://groceries.asda.com/product/indian-asian-cooking-ingredients/ktc-chilli-beans-in-a-spicy-tomato-sauce/60764299,Ingredients:
59,Indus Ginger Paste 340g,https://groceries.asda.com/product/indian-asian-cooking-ingredients/indus-ginger-paste-340-g/1000383156938,Ingredients:
60,Ben's Original Egg Fried Rice Microwavable Rice,https://groceries.asda.com/product/flavoured-microwave-rice/bens-original-egg-fried-rice-microwavable-rice/1000383175195,Long-grain parboiled rice
61,Veetee Long Grain,https://groceries.asda.com/product/long-grain-basmati-microwave-rice/veetee-long-grain/1000288568002,Long-grain parboiled rice
62,Ben's Original Long Grain Rice,https://groceries.asda.com/product/long-grain-basmati-rice/bens-original-long-grain-rice/1000309139414,Long-grain parboiled rice
63,Ben's Original Long Grain Rice,https://groceries.asda.com/product/long-grain-basmati-rice/bens-original-long-grain-rice/1000309139336,Long-grain parboiled rice
64,Ben's Original Long Grain Microwave Rice,https://groceries.asda.com/product/long-grain-basmati-microwave-rice/bens-original-long-grain-microwave-rice/1000383151202,Long-grain parboiled rice
65,Tilda Everyday Long Grain Rice,https://groceries.asda.com/product/long-grain-basmati-rice/tilda-everyday-long-grain-rice/1000383170477,Long-grain parboiled rice
66,Ben's Original Basmati Microwave Rice,https://groceries.asda.com/product/long-grain-basmati-microwave-rice/bens-original-basmati-microwave-rice/1000383151170,Long-grain parboiled rice
67,ASDA Long Grain Micro Rice,https://groceries.asda.com/product/long-grain-basmati-microwave-rice/asda-long-grain-micro-rice/910002524766,Long-grain parboiled rice
68,Ben's Original Wholegrain Microwave Rice,https://groceries.asda.com/product/brown-rice-quinoa-grains/bens-original-wholegrain-microwave-rice/1000383151140,Long-grain parboiled rice
69,Tilda Classics Long Grain Rice 250g,https://groceries.asda.com/product/long-grain-basmati-microwave-rice/tilda-classics-long-grain-rice-250-g/1000383234133,Long-grain parboiled rice
70,Ben's Original Plant Based Chilli Meal for 2,https://groceries.asda.com/product/long-grain-basmati-microwave-rice/bens-original-plant-based-chilli-meal-for-2/9999999113869,Long-grain parboiled rice
71,ASDA Easy Cook Long Grain White Rice,https://groceries.asda.com/product/long-grain-basmati-rice/asda-easy-cook-long-grain-white-rice/21878,Long-grain parboiled rice
72,ASDA Easy Cook Long Grain White Rice,https://groceries.asda.com/product/long-grain-basmati-rice/asda-easy-cook-long-grain-white-rice/910000023376,Long-grain parboiled rice
73,ASDA Easy Cook Long Grain White Rice,https://groceries.asda.com/product/long-grain-basmati-rice/asda-easy-cook-long-grain-white-rice/25808,Long-grain parboiled rice
74,ASDA Easy Cook Long Grain Brown Rice,https://groceries.asda.com/product/long-grain-basmati-rice/asda-easy-cook-long-grain-brown-rice/19416,Long-grain parboiled rice
75,Laila Supreme Extra Long Rice Grains,https://groceries.asda.com/product/indian-asian-rice/laila-supreme-extra-long-rice-grains/910002466356,Long-grain parboiled rice
76,Ben's Original Boil In Bag Long Grain Rice 8 x 62.5g,https://groceries.asda.com/product/long-grain-basmati-rice/bens-original-boil-in-bag-long-grain-rice-8-x-62-5-g/1000309139395,Long-grain parboiled rice
77,ASDA Easy Cook Long Grain White Rice,https://groceries.asda.com/product/long-grain-basmati-rice/asda-easy-cook-long-grain-white-rice/38178,Long-grain parboiled rice
78,ASDA 4 Steam Bags Long Grain Rice,https://groceries.asda.com/product/rice/asda-4-steam-bags-long-grain-rice/11040788,Long-grain parboiled rice
79,Trophy Easy Cook Long Grain Rice,https://groceries.asda.com/product/african-caribbean-cooking-ingredients/trophy-easy-cook-long-grain-rice/1000287287388,Long-grain parboiled rice
80,ASDA 4 Pack Boil in the Bag Long Grain Rice,https://groceries.asda.com/product/long-grain-basmati-rice/asda-4-pack-boil-in-the-bag-long-grain-rice/24124,Long-grain parboiled rice
81,Tilda Boil in Bag Easy Long Grain Rice 250g,https://groceries.asda.com/product/long-grain-basmati-rice/tilda-boil-in-bag-easy-long-grain-rice-250-g/1000213275143,Long-grain parboiled rice
82,ASDA White Basmati Rice,https://groceries.asda.com/product/long-grain-basmati-rice/asda-white-basmati-rice/22712,Long-grain parboiled rice
83,Tilda Pure Basmati Rice,https://groceries.asda.com/product/long-grain-basmati-rice/tilda-pure-basmati-rice/910000258502,Long-grain parboiled rice
84,Merchant Gourmet Smoky Spanish-Style Grains & Rice,https://groceries.asda.com/product/brown-rice-quinoa-grains/merchant-gourmet-smoky-spanish-style-grains-rice/1000051196219,Long-grain parboiled rice
85,Laila Xtra Long Basmati Rice 2kg,https://groceries.asda.com/product/long-grain-basmati-rice/laila-xtra-long-basmati-rice-2-kg/1000383219253,Long-grain parboiled rice
86,ASDA White Basmati Rice,https://groceries.asda.com/product/long-grain-basmati-rice/asda-white-basmati-rice/19399,Long-grain parboiled rice
87,Tilda Pure Basmati Rice,https://groceries.asda.com/product/long-grain-basmati-rice/tilda-pure-basmati-rice/910000258504,Long-grain parboiled rice
88,ASDA Brown Basmati Rice,https://groceries.asda.com/product/long-grain-basmati-rice/asda-brown-basmati-rice/79275402,Long-grain parboiled rice
89,Merchant Gourmet Glorious Grains with Red Rice & Quinoa Cooked 250g,https://groceries.asda.com/product/brown-rice-quinoa-grains/merchant-gourmet-glorious-grains-with-red-rice-quinoa-cooked-250-g/1000383170533,Long-grain parboiled rice
90,ASDA White Basmati Rice,https://groceries.asda.com/product/long-grain-basmati-rice/asda-white-basmati-rice/37533,Long-grain parboiled rice
91,Veetee Sticky Rice 2 Portions,https://groceries.asda.com/product/egg-fried-east-asian-microwave-rice/veetee-sticky-rice-2-portions/1000288567945,Long-grain parboiled rice
92,Naked Sri Lankan Style Curry Long Grain Rice 78g,https://groceries.asda.com/product/rice-pots/naked-sri-lankan-style-curry-long-grain-rice-78-g/1000383227377,Long-grain parboiled rice
93,ASDA White Basmati Rice,https://groceries.asda.com/product/long-grain-basmati-rice/asda-white-basmati-rice/391911,Long-grain parboiled rice
94,Ben's Original Flavoured Microwave Rice Stock Up Bundle,https://groceries.asda.com/product/flavoured-microwave-rice/bens-original-flavoured-microwave-rice-stock-up-bundle/9999999114015,Long-grain parboiled rice
95,ASDA Thai Sticky Rice,https://groceries.asda.com/product/long-grain-basmati-rice/asda-thai-sticky-rice/1000221583345,Long-grain parboiled rice
96,Tilda Pure Original Basmati Rice,https://groceries.asda.com/product/long-grain-basmati-rice/tilda-pure-original-basmati-rice/33561,Long-grain parboiled rice
97,ASDA Basmati & Wild Rice,https://groceries.asda.com/product/long-grain-basmati-rice/asda-basmati-wild-rice/1000052962672,Long-grain parboiled rice
98,The Gym Kitchen Moroccan Grains,https://groceries.asda.com/product/brown-rice-quinoa-grains/the-gym-kitchen-moroccan-grains/1000378540270,Long-grain parboiled rice
99,The Gym Kitchen Piri Piri Grains,https://groceries.asda.com/product/brown-rice-quinoa-grains/the-gym-kitchen-piri-piri-grains/1000378540240,Long-grain parboiled rice
100,Tilda Brown Wholegrain Basmati Rice,https://groceries.asda.com/product/long-grain-basmati-rice/tilda-brown-wholegrain-basmati-rice/4135607,Long-grain parboiled rice
101,Veetee Basmati,https://groceries.asda.com/product/long-grain-basmati-microwave-rice/veetee-basmati/1000288567991,Long-grain parboiled rice
102,Tilda Pure Basmati Rice,https://groceries.asda.com/product/long-grain-basmati-microwave-rice/tilda-pure-basmati-rice/56724309,Long-grain parboiled rice
103,Tilda Coconut Basmati Rice,https://groceries.asda.com/product/long-grain-basmati-microwave-rice/tilda-coconut-basmati-rice/910000782205,Long-grain parboiled rice
104,ASDA Basmati Micro Rice,https://groceries.asda.com/product/long-grain-basmati-microwave-rice/asda-basmati-micro-rice/910002524788,Long-grain parboiled rice
105,Tilda Brown Basmati and Wild Rice,https://groceries.asda.com/product/long-grain-basmati-microwave-rice/tilda-brown-basmati-and-wild-rice/910002091727,Long-grain parboiled rice
106,ASDA 4 Pack Boil in the Bag Basmati Rice,https://groceries.asda.com/product/long-grain-basmati-rice/asda-4-pack-boil-in-the-bag-basmati-rice/419021,Long-grain parboiled rice
107,Ben's Original Boil In Bag Wholegrain Rice,https://groceries.asda.com/product/brown-rice-quinoa-grains/bens-original-boil-in-bag-wholegrain-rice/1000309139386,Long-grain parboiled rice
108,Ben's Original Lemon Chicken with Egg Fried Rice Meal Bundle For 4,https://groceries.asda.com/product/egg-fried-east-asian-microwave-rice/bens-original-lemon-chicken-with-egg-fried-rice-meal-bundle-for-4/9999999114019,Long-grain parboiled rice
109,First Lady Thai Glutinous Rice 1kg,https://groceries.asda.com/product/long-grain-basmati-rice/first-lady-thai-glutinous-rice-1-kg/1000383167226,Long-grain parboiled rice
110,Tilda Brown Wholegrain Basmati Rice,https://groceries.asda.com/product/brown-rice-quinoa-grains/tilda-brown-wholegrain-basmati-rice/56724312,Long-grain parboiled rice
111,Ben's Original Sweet & Sour Pork with Jasmine Rice Meal Bundle For 4,https://groceries.asda.com/product/flavoured-microwave-rice/bens-original-sweet-sour-pork-with-jasmine-rice-meal-bundle-for-4/9999999114021,Long-grain parboiled rice
112,ASDA Wholegrain Micro Rice 250g,https://groceries.asda.com/product/brown-rice-quinoa-grains/asda-wholegrain-micro-rice-250-g/910002524771,Long-grain parboiled rice
113,Tilda Boil in Bag Pure Basmati Rice 250g,https://groceries.asda.com/product/long-grain-basmati-rice/tilda-boil-in-bag-pure-basmati-rice-250-g/1000383170333,Long-grain parboiled rice
114,Tilda Caribbean Rice and Peas Basmati Rice,https://groceries.asda.com/product/flavoured-microwave-rice/tilda-caribbean-rice-and-peas-basmati-rice/1000051700200,Long-grain parboiled rice
115,Tilda Microwave Tomato and Basil Basmati Rice 250g,https://groceries.asda.com/product/long-grain-basmati-microwave-rice/tilda-microwave-tomato-and-basil-basmati-rice-250-g/1000383189863,Long-grain parboiled rice
116,Tilda Classics White & Wholegrain Basmati Rice Blend 250g,https://groceries.asda.com/product/long-grain-basmati-microwave-rice/tilda-classics-white-wholegrain-basmati-rice-blend-250-g/1000383234113,Long-grain parboiled rice
117,The Health Menu by ASDA Spicy Piri Piri Style Mixed Grains & Pulses 250g,https://groceries.asda.com/product/brown-rice-quinoa-grains/the-health-menu-by-asda-spicy-piri-piri-style-mixed-grains-pulses-250-g/1000383207620,Long-grain parboiled rice
118,Gullón Vital Grain Thins Rice Cakes Dark Chocolate & Coconut,https://groceries.asda.com/product/rice-cakes/gullon-vital-grain-thins-rice-cakes-dark-chocolate-coconut/1000383172371,Long-grain parboiled rice
119,Ben's Original Special Fried Rice Microwave Rice,https://groceries.asda.com/product/flavoured-microwave-rice/bens-original-special-fried-rice-microwave-rice/1000383175124,Long-grain parboiled rice
120,Heinz Tinned Classic Pizza Sauce Base 400g,https://groceries.asda.com/product/tinned-tomatoes/heinz-tinned-classic-pizza-sauce-base-400-g/1000383170335,Tomato sauce
121,Heinz Tomato Ketchup,https://groceries.asda.com/product/tomato-ketchup/heinz-tomato-ketchup/1000043847820,Tomato sauce
122,Heinz Tomato Ketchup 800ml,https://groceries.asda.com/product/tomato-ketchup/heinz-tomato-ketchup-800-ml/1000209051308,Tomato sauce
123,Heinz Tomato Ketchup,https://groceries.asda.com/product/tomato-ketchup/heinz-tomato-ketchup/19294,Tomato sauce
124,Heinz Classic Passata,https://groceries.asda.com/product/passata-tomato-puree/heinz-classic-passata/1000383170465,Tomato sauce
125,Daddies Tomato Ketchup,https://groceries.asda.com/product/tomato-ketchup/daddies-tomato-ketchup/1000383164879,Tomato sauce
126,Heinz Saucy Sauce Mayonnaise Ketchup Sauce,https://groceries.asda.com/product/tomato-ketchup/heinz-saucy-sauce-mayonnaise-ketchup-sauce/1000175064097,Tomato sauce
127,Heinz Tomato Ketchup No Added Sugar & Salt,https://groceries.asda.com/product/tomato-ketchup/heinz-tomato-ketchup-no-added-sugar-salt/1000037058370,Tomato sauce
128,Heinz Tomato Ketchup 50% Less Sugar & Salt,https://groceries.asda.com/product/tomato-ketchup/heinz-tomato-ketchup-50-less-sugar-salt/1000209051153,Tomato sauce
129,Daddies Tomato Ketchup,https://groceries.asda.com/product/tomato-ketchup/daddies-tomato-ketchup/1000383164924,Tomato sauce
130,Heinz Tomato Ketchup 50% Less Sugar & Salt,https://groceries.asda.com/product/tomato-ketchup/heinz-tomato-ketchup-50-less-sugar-salt/910002909825,Tomato sauce
131,Heinz 50% Less Sugar & Salt Tomato Ketchup,https://groceries.asda.com/product/tomato-ketchup/heinz-50-less-sugar-salt-tomato-ketchup/1000351011061,Tomato sauce
132,Heinz Tomato Ketchup,https://groceries.asda.com/product/tomato-ketchup/heinz-tomato-ketchup/47159256,Tomato sauce
133,ASDA Tomato & Garlic Pasta Sauce,https://groceries.asda.com/product/tomato-pasta-sauces/asda-tomato-garlic-pasta-sauce/910000868623,Tomato sauce
134,ASDA Creamy Tomato Pasta Bake Sauce,https://groceries.asda.com/product/lasagne-pasta-bake-sauces/asda-creamy-tomato-pasta-bake-sauce/733838,Tomato sauce
135,Hellmann's Tomato Ketchup 430ml,https://groceries.asda.com/product/tomato-ketchup/hellmanns-tomato-ketchup-430-ml/1000238578299,Tomato sauce
136,Heinz Tomato Ketchup 1.35kg,https://groceries.asda.com/product/tomato-ketchup/heinz-tomato-ketchup-1-35-kg/1000383154805,Tomato sauce
137,ASDA Baked Beans & Sausages in a Rich Tomato Sauce 405g,https://groceries.asda.com/product/baked-beans/asda-baked-beans-sausages-in-a-rich-tomato-sauce-405-g/35239,Tomato sauce
138,ASDA Spicy Tomato Pasta Sauce,https://groceries.asda.com/product/tomato-pasta-sauces/asda-spicy-tomato-pasta-sauce/910000868678,Tomato sauce
139,ASDA Tomato & Mushroom Pasta Sauce,https://groceries.asda.com/product/tomato-pasta-sauces/asda-tomato-mushroom-pasta-sauce/910000868751,Tomato sauce
140,Hellmann's UEFA EURO 2024 Limited Edition Condiment Squeeze Bottle Tomato Ketchup 750 ml,https://groceries.asda.com/product/tomato-ketchup/hellmanns-uefa-euro-2024-limited-edition-condiment-squeeze-bottle-tomato-ketchup-750-ml/1000383224689,Tomato sauce
141,Napolina Tomato Passata,https://groceries.asda.com/product/passata-tomato-puree/napolina-tomato-passata/910003264070,Tomato sauce
142,ASDA Passata 500g,https://groceries.asda.com/product/passata-tomato-puree/asda-passata-500-g/26083,Tomato sauce
143,JUST ESSENTIALS by ASDA Spaghetti Loops in Tomato Sauce,https://groceries.asda.com/product/tinned-pasta/just-essentials-by-asda-spaghetti-loops-in-tomato-sauce/34083,Tomato sauce
144,Loyd Grossman Tomato & Roasted Garlic Pasta Sauce,https://groceries.asda.com/product/tomato-pasta-sauces/loyd-grossman-tomato-roasted-garlic-pasta-sauce/1696967,Tomato sauce
145,ASDA Baked Beans in a Rich Tomato Sauce 210g,https://groceries.asda.com/product/baked-beans/asda-baked-beans-in-a-rich-tomato-sauce-210-g/910002995870,Tomato sauce
146,Fray Bentos Meatballs in Tomato Sauce,https://groceries.asda.com/product/hot-dogs-meatballs/fray-bentos-meatballs-in-tomato-sauce/910001111181,Tomato sauce
147,ASDA Classic Tomato Ketchup 970g,https://groceries.asda.com/product/tomato-ketchup/asda-classic-tomato-ketchup-970-g/1000383208857,Tomato sauce
148,ASDA Spaghetti Loops in Tomato Sauce,https://groceries.asda.com/product/tinned-pasta/asda-spaghetti-loops-in-tomato-sauce/34669,Tomato sauce
149,Heinz Sundried Cherry Tomato & Basil Pasta Sauce,https://groceries.asda.com/product/tomato-pasta-sauces/heinz-sundried-cherry-tomato-basil-pasta-sauce/1000359250502,Tomato sauce
150,ASDA Tomato & Chunky Vegetable Pasta Sauce,https://groceries.asda.com/product/tomato-pasta-sauces/asda-tomato-chunky-vegetable-pasta-sauce/910000868688,Tomato sauce
151,ASDA Baked Beans in Tomato Sauce,https://groceries.asda.com/product/baked-beans/asda-baked-beans-in-tomato-sauce/19524,Tomato sauce
152,Branston Baked Beans in Tomato Sauce,https://groceries.asda.com/product/baked-beans/branston-baked-beans-in-tomato-sauce/910002524713,Tomato sauce
153,ASDA Spaghetti Strands in Tomato Sauce 395g,https://groceries.asda.com/product/tinned-pasta/asda-spaghetti-strands-in-tomato-sauce-395-g/27088,Tomato sauce
154,Heinz Spaghetti Hoops in Tomato Sauce,https://groceries.asda.com/product/tinned-pasta/heinz-spaghetti-hoops-in-tomato-sauce/23804,Tomato sauce
155,Pudliszki Mild Tomato Ketchup,https://groceries.asda.com/product/eastern-european-meals-ingredients/pudliszki-mild-tomato-ketchup/39185473,Tomato sauce
156,ASDA Baked Beans in a Rich Tomato Sauce 410g,https://groceries.asda.com/product/baked-beans/asda-baked-beans-in-a-rich-tomato-sauce-410-g/19525,Tomato sauce
157,ASDA Beef Ravioli in a Rich Tomato Sauce 400g,https://groceries.asda.com/product/tinned-pasta/asda-beef-ravioli-in-a-rich-tomato-sauce-400-g/21511,Tomato sauce
158,Loyd Grossman Tomato & Basil Pasta Sauce,https://groceries.asda.com/product/tomato-pasta-sauces/loyd-grossman-tomato-basil-pasta-sauce/910001413708,Tomato sauce
159,Cook Italian Tomato Purée,https://groceries.asda.com/product/passata-tomato-puree/cook-italian-tomato-puree/1000304248814,Tomato sauce
160,Heinz Peppa Pig Pasta Shapes in Tomato Sauce,https://groceries.asda.com/product/tinned-pasta/heinz-peppa-pig-pasta-shapes-in-tomato-sauce/910000441372,Tomato sauce
161,ASDA White Lasagne Pasta Sauce,https://groceries.asda.com/product/white-cheese-sauces/asda-white-lasagne-pasta-sauce/910001790118,Tomato sauce
162,ASDA Extra Special Tomato & Grilled Pepper Stir-In Pasta Sauce,https://groceries.asda.com/product/tomato-pasta-sauces/asda-extra-special-tomato-grilled-pepper-stir-in-pasta-sauce/1000052456406,Tomato sauce
163,ASDA Sardines in Tomato Sauce,https://groceries.asda.com/product/mackerel-sardines/asda-sardines-in-tomato-sauce/1000019050459,Tomato sauce
164,ASDA Spaghetti Bolognese in a Rich Tomato Sauce 395g,https://groceries.asda.com/product/tinned-pasta/asda-spaghetti-bolognese-in-a-rich-tomato-sauce-395-g/21508,Tomato sauce
165,ASDA Extra Special Mascarpone & Tomato Pasta Sauce,https://groceries.asda.com/product/tomato-pasta-sauces/asda-extra-special-mascarpone-tomato-pasta-sauce/1000006243625,Tomato sauce
166,Heinz Beef Ravioli in Tomato Sauce,https://groceries.asda.com/product/tinned-pasta/heinz-beef-ravioli-in-tomato-sauce/1000000474282,Tomato sauce
167,ASDA Extra Special Roasted Garlic & Herb Passata,https://groceries.asda.com/product/tomato-pasta-sauces/asda-extra-special-roasted-garlic-herb-passata/1000339334186,Tomato sauce
168,ASDA Spaghetti Loops & Sausages in a Rich Tomato Sauce 395g,https://groceries.asda.com/product/tinned-pasta/asda-spaghetti-loops-sausages-in-a-rich-tomato-sauce-395-g/28228,Tomato sauce
169,ASDA Chicken Meatballs in Tomato Sauce 380g,https://groceries.asda.com/product/hot-dogs-meatballs/asda-chicken-meatballs-in-tomato-sauce-380-g/1000138208830,Tomato sauce
170,ASDA Tomato & Pepperoni Pasta Bake,https://groceries.asda.com/product/lasagne-pasta-bake-sauces/asda-tomato-pepperoni-pasta-bake/733829,Tomato sauce
171,ASDA Baked Beans in a Rich Tomato Sauce 410g,https://groceries.asda.com/product/baked-beans/asda-baked-beans-in-a-rich-tomato-sauce-410-g/19523,Tomato sauce
172,ASDA Tomato & Basil Sauce for Meatballs 500g,https://groceries.asda.com/product/bolognese-meatballs-sauces/asda-tomato-basil-sauce-for-meatballs-500-g/1000383171115,Tomato sauce
173,Heinz Tomato Sauce for Bolognese,https://groceries.asda.com/product/bolognese-meatballs-sauces/heinz-tomato-sauce-for-bolognese/1000359250589,Tomato sauce
174,Napolina Double Concentrate Tomato Purée,https://groceries.asda.com/product/passata-tomato-puree/napolina-double-concentrate-tomato-puree/33281964,Tomato sauce
175,Wilkin & Sons Ltd Tiptree Tomato Ketchup,https://groceries.asda.com/product/tomato-ketchup/wilkin-sons-ltd-tiptree-tomato-ketchup/1000383145844,Tomato sauce
176,ASDA Reduced Sugar & Salt Baked Beans in Tomato Sauce,https://groceries.asda.com/product/baked-beans/asda-reduced-sugar-salt-baked-beans-in-tomato-sauce/35325,Tomato sauce
177,ASDA Tomato & Basil Stir-In Sauce,https://groceries.asda.com/product/tomato-pasta-sauces/asda-tomato-basil-stir-in-sauce/1000383132712,Tomato sauce
178,Heinz Pickle Flavour Tomato Ketchup 400ml,https://groceries.asda.com/product/tomato-ketchup/heinz-pickle-flavour-tomato-ketchup-400-ml/1000383210991,Tomato sauce
179,ASDA Free From Bolognese Pasta Sauce,https://groceries.asda.com/product/gluten-free-food-cupboard/asda-free-from-bolognese-pasta-sauce/910001011888,Tomato sauce
180,Hellmann's Real Squeezy Mayonnaise,https://groceries.asda.com/product/mayonnaise/hellmanns-real-squeezy-mayonnaise/910000212250,Tomato sauce
181,Heinz Seriously Good Mayonnaise,https://groceries.asda.com/product/mayonnaise/heinz-seriously-good-mayonnaise/1000118273132,Tomato sauce
182,Heinz Seriously Good Light Mayonnaise,https://groceries.asda.com/product/mayonnaise/heinz-seriously-good-light-mayonnaise/1000119983616,Tomato sauce
183,Heinz Seriously Good Mayonnaise,https://groceries.asda.com/product/mayonnaise/heinz-seriously-good-mayonnaise/910002446227,Tomato sauce
184,Heinz Seriously Good Light Mayonnaise,https://groceries.asda.com/product/mayonnaise/heinz-seriously-good-light-mayonnaise/910002446135,Tomato sauce
185,Hellmann's Squeezy Mayonnaise light,https://groceries.asda.com/product/mayonnaise/hellmanns-squeezy-mayonnaise-light/910000211946,Tomato sauce
186,Pringles Sour Cream & Onion Sharing Crisps,https://groceries.asda.com/product/pringles-tube-snacks/pringles-sour-cream-onion-sharing-crisps/1000383182280,Onion
187,ASDA 3 Crunchy & Fragrant Brown Onions,https://groceries.asda.com/product/onions-leeks/asda-3-crunchy-fragrant-brown-onions/910003012588,Onion
188,ASDA Crunchy & Fragrant Brown Onions,https://groceries.asda.com/product/onions-leeks/asda-crunchy-fragrant-brown-onions/37261395,Onion
189,ASDA Chopped Onion,https://groceries.asda.com/product/onions-leeks/asda-chopped-onion/910003087416,Onion
190,Walkers Less Salt Mild Cheese & Onion Multipack Crisps,https://groceries.asda.com/product/small-multipack-crisps-4-8-packs/walkers-less-salt-mild-cheese-onion-multipack-crisps/1000352218745,Onion
191,ASDA 3 Sweet & Crunchy Red Onions,https://groceries.asda.com/product/onions-leeks/asda-3-sweet-crunchy-red-onions/910003012448,Onion
192,Walkers Pickled Onion Multipack Crisps,https://groceries.asda.com/product/small-multipack-crisps-4-8-packs/walkers-pickled-onion-multipack-crisps/910001804166,Onion
193,ASDA Sweet & Crunchy Red Onions,https://groceries.asda.com/product/onions-leeks/asda-sweet-crunchy-red-onions/81012258,Onion
194,Jacob's Crinkly's Cheese & Onion Flavour Baked Snacks Multipack 6x23g,https://groceries.asda.com/product/small-multipack-crisps-4-8-packs/jacobs-crinklys-cheese-onion-flavour-baked-snacks-multipack-6-x-23-g/1000383181334,Onion
195,ASDA Sliced Red Onion,https://groceries.asda.com/product/onions-leeks/asda-sliced-red-onion/910003101905,Onion
196,ASDA Organic Brown Onions,https://groceries.asda.com/product/onions-leeks/asda-organic-brown-onions/910002526245,Onion
197,ASDA Organic Red Onions,https://groceries.asda.com/product/onions-leeks/asda-organic-red-onions/38819,Onion
198,ASDA Mild & Sweet Trimmed Leeks,https://groceries.asda.com/product/onions-leeks/asda-mild-sweet-trimmed-leeks/27003,Onion
199,Schwartz Onion Granules,https://groceries.asda.com/product/marinades-rubs/schwartz-onion-granules/1000118273119,Onion
200,ASDA Extra Special Echalion Shallots,https://groceries.asda.com/product/onions-leeks/asda-extra-special-echalion-shallots/910003082756,Onion
201,COOK by ASDA Diced Onions,https://groceries.asda.com/product/vegetables/cook-by-asda-diced-onions/910002345337,Onion
202,ASDA Naturally Sweet Shallots,https://groceries.asda.com/product/onions-leeks/asda-naturally-sweet-shallots/910003082122,Onion
203,ASDA Scratch Cook Sliced Red Onion,https://groceries.asda.com/product/vegetables/asda-scratch-cook-sliced-red-onion/910002345150,Onion
204,COOK by ASDA Onion Granules,https://groceries.asda.com/product/spices/cook-by-asda-onion-granules/414508,Onion
205,ASDA Beer Battered Whole Onion Rings 400g,https://groceries.asda.com/product/onion-rings/asda-beer-battered-whole-onion-rings-400-g/1000044365933,Onion
206,ASDA Fragrant & Crunchy Spring Onions,https://groceries.asda.com/product/celery-spring-onions/asda-fragrant-crunchy-spring-onions/41676,Onion
207,Albert Bartlett 3 Mild Onions,https://groceries.asda.com/product/onions-leeks/albert-bartlett-3-mild-onions/1000361447022,Onion
208,ASDA Fragrant & Crunchy Spring Onions,https://groceries.asda.com/product/celery-spring-onions/asda-fragrant-crunchy-spring-onions/43994118,Onion
209,ASDA Organic Leeks,https://groceries.asda.com/product/onions-leeks/asda-organic-leeks/833050,Onion
210,ASDA Pickled Pearl Onions 340g,https://groceries.asda.com/product/pickled-onions-vegetables/asda-pickled-pearl-onions-340-g/910002105630,Onion
211,ASDA Fragrant & Punchy Jumbo Spring Onions,https://groceries.asda.com/product/celery-spring-onions/asda-fragrant-punchy-jumbo-spring-onions/7507976,Onion
212,ASDA Extra Special 6 Caramelised Red Onion Pork Sausages,https://groceries.asda.com/product/sausages/asda-extra-special-6-caramelised-red-onion-pork-sausages/910001308855,Onion
213,ASDA Cheese & Onion Quiche 170g,https://groceries.asda.com/product/quiche-tarts/asda-cheese-onion-quiche-170-g/910000258552,Onion
214,ASDA Onion Rings Sharing Snacks,https://groceries.asda.com/product/sharing-crisps/asda-onion-rings-sharing-snacks/910000826621,Onion
215,ASDA Mild & Crunchy Celery,https://groceries.asda.com/product/celery-spring-onions/asda-mild-crunchy-celery/20296,Onion
216,Walkers Cheese & Onion Multipack Crisps,https://groceries.asda.com/product/small-multipack-crisps-4-8-packs/walkers-cheese-onion-multipack-crisps/910001788627,Onion
217,Prymat Roasted Onion,https://groceries.asda.com/product/eastern-european-meals-ingredients/prymat-roasted-onion/910002531990,Onion
218,ASDA Pickled Sliced Beetroot,https://groceries.asda.com/product/pickled-onions-vegetables/asda-pickled-sliced-beetroot/13533234,Onion
219,ASDA Cheese & Onion Flavour Crisps 6 x 25g (150g),https://groceries.asda.com/product/small-multipack-crisps-4-8-packs/asda-cheese-onion-flavour-crisps-6-x-25-g-150-g/910000292991,Onion
220,ASDA 2 Cheese & Onion Bakes,https://groceries.asda.com/product/frozen-pasties-sausage-rolls/asda-2-cheese-onion-bakes/1000005035623,Onion
221,ASDA Pickled Silverskin Onions,https://groceries.asda.com/product/pickled-onions-vegetables/asda-pickled-silverskin-onions/910001492572,Onion
222,COOK by ASDA Crispy Onions 100g,https://groceries.asda.com/product/spices/cook-by-asda-crispy-onions-100-g/1000383171002,Onion
223,ASDA Sour Cream & Onion Party Bites,https://groceries.asda.com/product/sharing-crisps/asda-sour-cream-onion-party-bites/1000035227538,Onion
224,ASDA Organic Organic Spring Onions,https://groceries.asda.com/product/celery-spring-onions/asda-organic-organic-spring-onions/41872537,Onion
225,ASDA Onion Chutney,https://groceries.asda.com/product/relish-chutney/asda-onion-chutney/795193,Onion
226,ASDA Cheese & Onion Quiche 400g,https://groceries.asda.com/product/quiche-tarts/asda-cheese-onion-quiche-400-g/910001068103,Onion
227,ASDA Pickled Gherkins 680g,https://groceries.asda.com/product/pickled-onions-vegetables/asda-pickled-gherkins-680-g/910000508756,Onion
228,ASDA Pickled Sweet Silverskin Onions,https://groceries.asda.com/product/pickled-onions-vegetables/asda-pickled-sweet-silverskin-onions/21287,Onion
229,ASDA Pickled Silverskin Onions 440g,https://groceries.asda.com/product/pickled-onions-vegetables/asda-pickled-silverskin-onions-440-g/35203,Onion
230,ASDA To Share 4 Onion Bhajis 200g,https://groceries.asda.com/product/indian/asda-to-share-4-onion-bhajis-200-g/1000383188458,Onion
231,New York Bakery Co Red Onion & Chive Bagels,https://groceries.asda.com/product/bagels/new-york-bakery-co-red-onion-chive-bagels/1000004372463,Onion
232,ASDA Cheese & Onion Instant Mash Potato 100g,https://groceries.asda.com/product/potatoes-instant-mash/asda-cheese-onion-instant-mash-potato-100-g/12652390,Onion
233,ASDA Cheese & Onion Rolls 6 x 60g (360g),https://groceries.asda.com/product/cheese-vegetarian-rolls/asda-cheese-onion-rolls-6-x-60-g-360-g/910002366368,Onion
234,Walkers Cheese & Onion Crisps,https://groceries.asda.com/product/snacks/walkers-cheese-onion-crisps/1000288781293,Onion
235,ASDA Mild & Crunchy Celery Sticks,https://groceries.asda.com/product/celery-spring-onions/asda-mild-crunchy-celery-sticks/23586243,Onion
236,ASDA Pickled Baby Gherkins 340g,https://groceries.asda.com/product/pickled-onions-vegetables/asda-pickled-baby-gherkins-340-g/910000508762,Onion
237,ASDA 30% Less Fat Garlic & Onion Dip,https://groceries.asda.com/product/chilled-dips/asda-30-less-fat-garlic-onion-dip/910003099876,Onion
238,McCoy's Cheddar & Onion Multipack Crisps,https://groceries.asda.com/product/small-multipack-crisps-4-8-packs/mc-coys-cheddar-onion-multipack-crisps/1000121205771,Onion
239,JUST ESSENTIALS by ASDA Cheese & Onion Pasty,https://groceries.asda.com/product/pasties-slices/just-essentials-by-asda-cheese-onion-pasty/81927060,Onion
240,ASDA Extra Special 10 Caramelised Red Onion Pork Sausages 667g,https://groceries.asda.com/product/sausages/asda-extra-special-10-caramelised-red-onion-pork-sausages-667-g/1000383214661,Onion
241,ASDA Spicy & Peppery Salad Cress,https://groceries.asda.com/product/radish-cress-beetroot/asda-spicy-peppery-salad-cress/20306,Onion
242,JUST ESSENTIALS by ASDA Sweet Pickle,https://groceries.asda.com/product/pickled-onions-vegetables/just-essentials-by-asda-sweet-pickle/1000383135046,Onion
243,Walkers Cheese & Onion Sharing Crisps,https://groceries.asda.com/product/sharing-crisps/walkers-cheese-onion-sharing-crisps/1000383111183,Onion
244,Smiths Funyuns Onion Rings Sharing Crisps,https://groceries.asda.com/product/sharing-crisps/smiths-funyuns-onion-rings-sharing-crisps/1000270992456,Onion
245,ASDA Sliced Pickled Red Onions 340g,https://groceries.asda.com/product/pickled-onions-vegetables/asda-sliced-pickled-red-onions-340-g/1000383228111,Onion
246,Kettle Ridge Cut Chorizo & Red Pepper Potato Chips 130g,https://groceries.asda.com/product/savoury-salted-popcorn/kettle-ridge-cut-chorizo-red-pepper-potato-chips-130-g/1000383216980,Red bell pepper
247,ASDA Red Pepper,https://groceries.asda.com/product/tomatoes-peppers/asda-red-pepper/18394014,Red bell pepper
248,ASDA Crisp & Fragrant Sweet Peppers 3 Pack (Colour may vary),https://groceries.asda.com/product/tomatoes-peppers/asda-crisp-fragrant-sweet-peppers-3-pack-colour-may-vary/910003188356,Red bell pepper
249,ASDA Warm & Fruity Red Chillies,https://groceries.asda.com/product/chillies-spices/asda-warm-fruity-red-chillies/910001618078,Red bell pepper
250,Tabasco Original Red Pepper Hot Sauce,https://groceries.asda.com/product/hot-chilli-sauces/tabasco-original-red-pepper-hot-sauce/19297,Red bell pepper
251,ASDA Red Pepper Houmous,https://groceries.asda.com/product/houmous/asda-red-pepper-houmous/32088754,Red bell pepper
252,Aleyna Roasted Red Peppers,https://groceries.asda.com/product/nachos-dips/aleyna-roasted-red-peppers/910000338723,Red bell pepper
253,ASDA Ricotta & Red Pepper Pesto,https://groceries.asda.com/product/pesto/asda-ricotta-red-pepper-pesto/910000418780,Red bell pepper
254,Melis Roasted Red Peppers,https://groceries.asda.com/product/olives-antipasti/melis-roasted-red-peppers/910000388503,Red bell pepper
255,Quorn Spinach and Red Pepper Slices,https://groceries.asda.com/product/vegetarian/quorn-spinach-and-red-pepper-slices/910003039623,Red bell pepper
256,ASDA Extra Special Nduja & Red Pepper Ravioli,https://groceries.asda.com/product/fresh-filled-pasta/asda-extra-special-nduja-red-pepper-ravioli/1000383111190,Red bell pepper
257,Delphi Houmous Red Pepper& Olive Oil,https://groceries.asda.com/product/olives-antipasti/delphi-houmous-red-pepper-olive-oil/910000281601,Red bell pepper
258,OMV! Deliciously Vegan Grilled Red Pepper Pesto 190g,https://groceries.asda.com/product/omv/omv-deliciously-vegan-grilled-red-pepper-pesto-190-g/1000383156153,Red bell pepper
259,Tyrrells Sweet Chilli & Red Pepper Sharing Crisps,https://groceries.asda.com/product/sharing-crisps/tyrrells-sweet-chilli-red-pepper-sharing-crisps/1000001821330,Red bell pepper
260,Linda McCartney's 6 Vegetarian Chorizo & Red Pepper Sausages,https://groceries.asda.com/product/sausages-burgers-grills/linda-mc-cartneys-6-vegetarian-chorizo-red-pepper-sausages/1000191170709,Red bell pepper
261,ASDA Extra Special Sweet Peppers & Red Chilli Passata,https://groceries.asda.com/product/tomato-pasta-sauces/asda-extra-special-sweet-peppers-red-chilli-passata/1000339334052,Red bell pepper
262,ASDA Extra Special Red Pepper Stuffed Green Olives,https://groceries.asda.com/product/olives-antipasti-pizza-bases/asda-extra-special-red-pepper-stuffed-green-olives/1000211259526,Red bell pepper
263,Loyd Grossman Tomato & Sweet Red Pepper Pasta Sauce,https://groceries.asda.com/product/tomato-pasta-sauces/loyd-grossman-tomato-sweet-red-pepper-pasta-sauce/910001375960,Red bell pepper
264,Holy Moly Red Pepper & Tomato Salsa 150g,https://groceries.asda.com/product/chilled-dips/holy-moly-red-pepper-tomato-salsa-150-g/1000383192278,Red bell pepper
265,"ASDA Veggie 2 Halloumi, Red Pepper & Avocado Bakes",https://groceries.asda.com/product/ready-meals-pies-pastry/asda-veggie-2-halloumi-red-pepper-avocado-bakes/1000282577301,Red bell pepper
266,ASDA 30% Less Fat Red Pepper & Chilli Houmous,https://groceries.asda.com/product/houmous/asda-30-less-fat-red-pepper-chilli-houmous/910000203096,Red bell pepper
267,Sabra Mezze Garlic + Red Pepper Houmous 200g,https://groceries.asda.com/product/houmous/sabra-mezze-garlic-red-pepper-houmous-200-g/1000383223589,Red bell pepper
268,Gosh! Beetroot Falafel with Red Pepper & Chilli 266g,https://groceries.asda.com/product/falafel-vegan-snacks/gosh-beetroot-falafel-with-red-pepper-chilli-266-g/1000383224240,Red bell pepper
269,Higgidy Wonderfully Warming Feta & Red Pepper Veggie Rolls,https://groceries.asda.com/product/cheese-vegetarian-rolls/higgidy-wonderfully-warming-feta-red-pepper-veggie-rolls/1000183937845,Red bell pepper
270,Sharwood's Black Bean Red Pepper Mild Cooking Sauce,https://groceries.asda.com/product/far-eastern-cooking-sauces/sharwoods-black-bean-red-pepper-mild-cooking-sauce/2001430,Red bell pepper
271,ASDA Deep Pan Pepperoni & Red Pepper Pizza 441g,https://groceries.asda.com/product/boxed-pizza/asda-deep-pan-pepperoni-red-pepper-pizza-441-g/1000383238256,Red bell pepper
272,"Exceptional by ASDA Wensleydale, Petit Pois & Red Pepper Quiche 400g",https://groceries.asda.com/product/quiche-tarts/exceptional-by-asda-wensleydale-petit-pois-red-pepper-quiche-400-g/1000383227299,Red bell pepper
273,BOL Protein Power Soup Red Pepper Tomato & Soup,https://groceries.asda.com/product/soup/bol-protein-power-soup-red-pepper-tomato-soup/1000383208715,Red bell pepper
274,Gosh! Moroccan Spiced Falafel with Red Pepper & Apricot 266g,https://groceries.asda.com/product/vegan-cooked-meat-alternatives/gosh-moroccan-spiced-falafel-with-red-pepper-apricot-266-g/1000383187989,Red bell pepper
275,Tyrrells Lentil Crisps Sweet Chilli & Red Pepper 80g,https://groceries.asda.com/product/lentil-vegetable-sharing-crisps/tyrrells-lentil-crisps-sweet-chilli-red-pepper-80-g/1000383219024,Red bell pepper
276,"ASDA Extra Special Fennel Sausage, N'duja & Red Pepper Sourdough Pizza 477g",https://groceries.asda.com/product/boxed-pizza/asda-extra-special-fennel-sausage-nduja-red-pepper-sourdough-pizza-477-g/1000383192003,Red bell pepper
277,"Gosh! Sweet Potato Pakora with Red Pepper, Cumin & Chilli 266g",https://groceries.asda.com/product/vegan-cooked-meat-alternatives/gosh-sweet-potato-pakora-with-red-pepper-cumin-chilli-266-g/1000383187970,Red bell pepper
278,"Dolmio Intensify Spicy Red Pepper, Smoked Paprika & Chilli Pasta Sauce",https://groceries.asda.com/product/tomato-pasta-sauces/dolmio-intensify-spicy-red-pepper-smoked-paprika-chilli-pasta-sauce/1000383172532,Red bell pepper
279,Sheba Natures Collection Cat Food Tray Chicken & Red Pepper in Sauce,https://groceries.asda.com/product/cat-food-tins-trays/sheba-natures-collection-cat-food-tray-chicken-red-pepper-in-sauce/1000383110727,Red bell pepper
280,"ASDA Extra Special Chipotle Chilli, Red Pepper, Tomato & Herb Brisling Sardines 105g",https://groceries.asda.com/product/mackerel-sardines/asda-extra-special-chipotle-chilli-red-pepper-tomato-herb-brisling-sardines-105-g/1000383182057,Red bell pepper
281,Patak's Indian Veggie Skewers Bundle,https://groceries.asda.com/product/curry-pastes-coconut-milk/pataks-indian-veggie-skewers-bundle/9999999112723,Red bell pepper
282,One Pan Creations Spanish Paella Bundle,https://groceries.asda.com/product/quick-rice-pasta-meals/one-pan-creations-spanish-paella-bundle/9999999112673,Red bell pepper
283,ASDA Extra Special Sharing Crisps Bundle,https://groceries.asda.com/product/sharing-crisps/asda-extra-special-sharing-crisps-bundle/9999999111921,Red bell pepper
284,Tabasco Mild Green Hot Pepper Sauce,https://groceries.asda.com/product/hot-chilli-sauces/tabasco-mild-green-hot-pepper-sauce/1000053215735,Green bell pepper
285,ASDA Green Pepper,https://groceries.asda.com/product/tomatoes-peppers/asda-green-pepper/1000070571779,Green bell pepper
286,ASDA Crisp & Fragrant Sweet Peppers 3 Pack (Colour may vary),https://groceries.asda.com/product/tomatoes-peppers/asda-crisp-fragrant-sweet-peppers-3-pack-colour-may-vary/910003188356,Green bell pepper
287,Unearthed Stuffed Green Peppers 150g,https://groceries.asda.com/product/tapas-antipasti/unearthed-stuffed-green-peppers-150-g/1000383192574,Green bell pepper
288,ASDA Extra Special Red Pepper Stuffed Green Olives,https://groceries.asda.com/product/olives-antipasti-pizza-bases/asda-extra-special-red-pepper-stuffed-green-olives/1000211259526,Green bell pepper
289,Schwartz Thyme,https://groceries.asda.com/product/herbs/schwartz-thyme/390023,Dried thyme
290,COOK by ASDA Thyme,https://groceries.asda.com/product/herbs/cook-by-asda-thyme/23494,Dried thyme
291,Bodrum Thyme,https://groceries.asda.com/product/herbs/bodrum-thyme/1000211461086,Dried thyme
292,Schwartz Medium Curry Powder,https://groceries.asda.com/product/spices/schwartz-medium-curry-powder/390519,Curry powder
293,COOK by ASDA Mild Curry Powder,https://groceries.asda.com/product/spices/cook-by-asda-mild-curry-powder/910000407780,Curry powder
294,COOK by ASDA Medium Curry Powder,https://groceries.asda.com/product/spices/cook-by-asda-medium-curry-powder/910000407852,Curry powder
295,COOK by ASDA Tikka Curry Powder,https://groceries.asda.com/product/spices/cook-by-asda-tikka-curry-powder/910000408150,Curry powder
296,COOK by ASDA Hot Curry Powder,https://groceries.asda.com/product/spices/cook-by-asda-hot-curry-powder/910000407978,Curry powder
297,Dunn's River Caribbean Mild Curry Powder,https://groceries.asda.com/product/african-caribbean-seasonings-spices/dunns-river-caribbean-mild-curry-powder/910000037792,Curry powder
298,Rajah Mild Madras Curry Powder,https://groceries.asda.com/product/indian-asian-cooking-ingredients/rajah-mild-madras-curry-powder/390420,Curry powder
299,Rajah Hot Madras Curry Powder,https://groceries.asda.com/product/indian-asian-cooking-ingredients/rajah-hot-madras-curry-powder/39455,Curry powder
300,Schwartz Mild Curry Powder 85g,https://groceries.asda.com/product/spices/schwartz-mild-curry-powder-85-g/420734,Curry powder
301,Dunn's River Hot Carribbean Curry Powder,https://groceries.asda.com/product/african-caribbean-seasonings-spices/dunns-river-hot-carribbean-curry-powder/910000037984,Curry powder
302,Indus Madras Curry Powder Mild,https://groceries.asda.com/product/spices/indus-madras-curry-powder-mild/1000383160395,Curry powder
303,East End Madras Curry Powder Mild,https://groceries.asda.com/product/indian-asian-cooking-ingredients/east-end-madras-curry-powder-mild/910000464268,Curry powder
304,Indus Madras Curry Powder Hot,https://groceries.asda.com/product/spices/indus-madras-curry-powder-hot/1000383160475,Curry powder
305,Pringles Paprika Sharing Crisps,https://groceries.asda.com/product/pringles-tube-snacks/pringles-paprika-sharing-crisps/1000383182482,Paprika
306,COOK by ASDA Paprika,https://groceries.asda.com/product/spices/cook-by-asda-paprika/23485,Paprika
307,COOK by ASDA Smoked Paprika,https://groceries.asda.com/product/spices/cook-by-asda-smoked-paprika/57704799,Paprika
308,COOK by ASDA Paprika,https://groceries.asda.com/product/spices/cook-by-asda-paprika/910000407703,Paprika
309,Schwartz Paprika Smoked,https://groceries.asda.com/product/spices/schwartz-paprika-smoked/910000407614,Paprika
310,Rajah Paprika Powder,https://groceries.asda.com/product/indian-asian-cooking-ingredients/rajah-paprika-powder/39459,Paprika
311,Schwartz Paprika,https://groceries.asda.com/product/spices/schwartz-paprika/1000070318684,Paprika
312,Walkers Max Punchy Paprika Sharing Crisps,https://groceries.asda.com/product/sharing-crisps/walkers-max-punchy-paprika-sharing-crisps/1000383162879,Paprika
313,Schwartz Smoked Sweet Paprika,https://groceries.asda.com/product/spices/schwartz-smoked-sweet-paprika/1000118273165,Paprika
314,Schwartz Paprika Hot,https://groceries.asda.com/product/spices/schwartz-paprika-hot/420752,Paprika
315,Prymat Sweet Paprika,https://groceries.asda.com/product/eastern-european-meals-ingredients/prymat-sweet-paprika/910002532377,Paprika
316,Lorenz Crunchips Paprika Crisps,https://groceries.asda.com/product/eastern-european-snacks-drinks/lorenz-crunchips-paprika-crisps/1000058807987,Paprika
317,Schwartz Spicy Chips Seasoning Chilli & Paprika,https://groceries.asda.com/product/marinades-rubs/schwartz-spicy-chips-seasoning-chilli-paprika/1000000581115,Paprika
318,Schwartz Paprika & Onion Chicken Seasoning 50g,https://groceries.asda.com/product/spices/schwartz-paprika-onion-chicken-seasoning-50-g/1000036534547,Paprika
319,Old El Paso Mexican Garlic & Paprika Tacos Seasoning Mix,https://groceries.asda.com/product/mexican-meal-kits/old-el-paso-mexican-garlic-paprika-tacos-seasoning-mix/910001785255,Paprika
320,Rajah Paprika Powder 400g,https://groceries.asda.com/product/indian-asian-spices/rajah-paprika-powder-400-g/1000383168141,Paprika
321,ASDA Hot Paprika 50g,https://groceries.asda.com/product/spices/asda-hot-paprika-50-g/1000383171056,Paprika
322,McCain Shake Shake Spanish Smoked Paprika Fries,https://groceries.asda.com/product/starters-sides/mc-cain-shake-shake-spanish-smoked-paprika-fries/910002611689,Paprika
323,ASDA Extra Special Ridge Cut Smoked Paprika & Sour Cream Hand Cooked Crisps 125g,https://groceries.asda.com/product/sharing-crisps/asda-extra-special-ridge-cut-smoked-paprika-sour-cream-hand-cooked-crisps-125-g/1000383165130,Paprika
324,Nando's Peri-Peri Bag & Bake Paprika & Lime Mild,https://groceries.asda.com/product/bake-in-the-bag/nandos-peri-peri-bag-bake-paprika-lime-mild/1000281071864,Paprika
325,Tahira Chicken Mortadella with Paprika,https://groceries.asda.com/product/halal-food/tahira-chicken-mortadella-with-paprika/910001554959,Paprika
326,Schwartz Smoked Paprika Chicken 28g,https://groceries.asda.com/product/recipe-mixes/schwartz-smoked-paprika-chicken-28-g/910002533266,Paprika
327,Doritos Dippers Hint of Paprika Sharing Tortilla Chips Crisps 230g,https://groceries.asda.com/product/sharing-crisps/doritos-dippers-hint-of-paprika-sharing-tortilla-chips-crisps-230-g/1000383164698,Paprika
328,Old El Paso Mexican Stand 'N' Stuff Garlic & Paprika Taco Kit,https://groceries.asda.com/product/mexican-meal-kits/old-el-paso-mexican-stand-n-stuff-garlic-paprika-taco-kit/910001785620,Paprika
329,Geeta's 4 Roti Flatbreads Sweet Onion & Paprika 220g,https://groceries.asda.com/product/poppadoms-naan-bread/geetas-4-roti-flatbreads-sweet-onion-paprika-220-g/1000383168024,Paprika
330,Zaad Sliced Mortadella with Paprika,https://groceries.asda.com/product/halal-food/zaad-sliced-mortadella-with-paprika/1000007755459,Paprika
331,"Dolmio Intensify Spicy Red Pepper, Smoked Paprika & Chilli Pasta Sauce",https://groceries.asda.com/product/tomato-pasta-sauces/dolmio-intensify-spicy-red-pepper-smoked-paprika-chilli-pasta-sauce/1000383172532,Paprika
332,Cofresh Hot Paprika Grills Potato Sharing Snacks,https://groceries.asda.com/product/sharing-crisps/cofresh-hot-paprika-grills-potato-sharing-snacks/1000151615654,Paprika
333,KP Flavour Kravers Smokin' Paprika Peanuts,https://groceries.asda.com/product/salted-roasted-flavoured-nuts/kp-flavour-kravers-smokin-paprika-peanuts/1000350287584,Paprika
334,Jacobs Mini Cheddars 30% Less Fat Cheddar & Smoked Paprika Baked Snacks Sharing Bag 115g,https://groceries.asda.com/product/sharing-crisps/jacobs-mini-cheddars-30-less-fat-cheddar-smoked-paprika-baked-snacks-sharing-bag-115-g/1000383111922,Paprika
335,Ella's Kitchen Organic Sweetcorn and Paprika Munchy Fingers Multipack Baby Snack 9+ Months 4x12g,https://groceries.asda.com/product/baby-snacks-under-12-months/ellas-kitchen-organic-sweetcorn-and-paprika-munchy-fingers-multipack-baby-snack-9-months-4-x-12-g/1000383221798,Paprika
336,Doritos Dippers Sharing Tortilla Crisps & Pulled Pork Nachos Bundle,https://groceries.asda.com/product/tortilla-chips-dips/doritos-dippers-sharing-tortilla-crisps-pulled-pork-nachos-bundle/9999999113475,Paprika
337,Frank's RedHot Original Cayenne Pepper Sauce,https://groceries.asda.com/product/hot-chilli-sauces/franks-red-hot-original-cayenne-pepper-sauce/910000566892,Cayenne pepper
338,COOK by ASDA Cayenne Chilli Pepper,https://groceries.asda.com/product/spices/cook-by-asda-cayenne-chilli-pepper/23493,Cayenne pepper
339,Melis Picked Hot Cayenne Peppers,https://groceries.asda.com/product/olives-antipasti-pizza-bases/melis-picked-hot-cayenne-peppers/1000209848429,Cayenne pepper
340,Franks Pizza Bundle,https://groceries.asda.com/product/hot-chilli-sauces/franks-pizza-bundle/9999999113653,Cayenne pepper
341,Schwartz Cayenne Chilli Pepper,https://groceries.asda.com/product/spices/schwartz-cayenne-chilli-pepper/390021,Cayenne pepper
342,Franks RedHot Pizza Bundle,https://groceries.asda.com/product/hot-chilli-sauces/franks-red-hot-pizza-bundle/9999999113655,Cayenne pepper
343,COOK by ASDA Paprika,https://groceries.asda.com/product/spices/cook-by-asda-paprika/23485,Cayenne pepper
344,ASDA Garlic Granules,https://groceries.asda.com/product/herbs/asda-garlic-granules/414520,Cayenne pepper
345,COOK by ASDA Smoked Paprika,https://groceries.asda.com/product/spices/cook-by-asda-smoked-paprika/57704799,Cayenne pepper
346,ASDA Ground Cumin,https://groceries.asda.com/product/spices/asda-ground-cumin/414513,Cayenne pepper
347,COOK by ASDA Garlic Salt,https://groceries.asda.com/product/herbs/cook-by-asda-garlic-salt/414519,Cayenne pepper
348,ASDA Crisp & Fragrant Sweet Peppers 3 Pack (Colour may vary),https://groceries.asda.com/product/tomatoes-peppers/asda-crisp-fragrant-sweet-peppers-3-pack-colour-may-vary/910003188356,Cayenne pepper
349,Bakers Small Dry Dog Food Chicken and Veg,https://groceries.asda.com/product/dry-dog-food/bakers-small-dry-dog-food-chicken-and-veg/1000036796313,Chicken or vegetable broth
350,Weight Watchers from Heinz Hearty Vegetable Broth Soup,https://groceries.asda.com/product/tinned-soup/weight-watchers-from-heinz-hearty-vegetable-broth-soup/30480846,Chicken or vegetable broth
351,Baxters Favourites Chicken Broth,https://groceries.asda.com/product/tinned-soup/baxters-favourites-chicken-broth/910000450864,Chicken or vegetable broth
352,Heinz Chicken Broth 400g,https://groceries.asda.com/product/tinned-soup/heinz-chicken-broth-400-g/1000383197234,Chicken or vegetable broth
353,Bakers Chicken & Veg Dry Puppy Dog Food,https://groceries.asda.com/product/dry-dog-food/bakers-chicken-veg-dry-puppy-dog-food/1000036796150,Chicken or vegetable broth
354,Encore Chicken Selection in Broth 5 x,https://groceries.asda.com/product/dog-food-tins/encore-chicken-selection-in-broth-5-x/1000023134987,Chicken or vegetable broth
355,Bakers Senior Dry Dog Food Chicken and Veg,https://groceries.asda.com/product/dry-dog-food/bakers-senior-dry-dog-food-chicken-and-veg/1000036796314,Chicken or vegetable broth
356,Crosse & Blackwell Roast Chicken & Vegetable,https://groceries.asda.com/product/tinned-soup/crosse-blackwell-roast-chicken-vegetable/910001299690,Chicken or vegetable broth
357,Bakers Dry Dog Food Chicken and Veg,https://groceries.asda.com/product/dry-dog-food/bakers-dry-dog-food-chicken-and-veg/1000036796138,Chicken or vegetable broth
358,ASDA Chunky Chicken & Vegetable Soup,https://groceries.asda.com/product/tinned-soup/asda-chunky-chicken-vegetable-soup/910000249370,Chicken or vegetable broth
359,Tilly & Ted Adult Chicken Dinner Chicken with Vegetables 400g,https://groceries.asda.com/product/dog-food-tins/tilly-ted-adult-chicken-dinner-chicken-with-vegetables-400-g/1000383223265,Chicken or vegetable broth
360,Tilly & Ted Adult Chicken Dinner Chicken with Vegetables 300g,https://groceries.asda.com/product/dog-food-trays-pouches/tilly-ted-adult-chicken-dinner-chicken-with-vegetables-300-g/1000383223321,Chicken or vegetable broth
361,Encore Chicken Selection in Broth Adult Cat Food Tins,https://groceries.asda.com/product/premium-wet-cat-food/encore-chicken-selection-in-broth-adult-cat-food-tins/910001300174,Chicken or vegetable broth
362,ASDA Free From Free From Chicken & Vegetable Pie,https://groceries.asda.com/product/gluten-free-frozen-food/asda-free-from-free-from-chicken-vegetable-pie/1000286860785,Chicken or vegetable broth
363,Heinz Chicken & Vegetable Chunky Big Soup,https://groceries.asda.com/product/tinned-soup/heinz-chicken-vegetable-chunky-big-soup/1972551,Chicken or vegetable broth
364,Yorkshire Provender Roast Chicken & Vegetable Soup 560g,https://groceries.asda.com/product/soup/yorkshire-provender-roast-chicken-vegetable-soup-560-g/1000383177643,Chicken or vegetable broth
365,ASDA Chicken & Vegetable Shortcrust Pie 500g,https://groceries.asda.com/product/pies/asda-chicken-vegetable-shortcrust-pie-500-g/1000383227372,Chicken or vegetable broth
366,Harringtons Superfoods Adult Chicken with Vegetables 1.7kg,https://groceries.asda.com/product/dry-dog-food/harringtons-superfoods-adult-chicken-with-vegetables-1-7-kg/1000383189296,Chicken or vegetable broth
367,Felix with Tasty Beef and Chicken and with Vegetables 2kg,https://groceries.asda.com/product/dry-cat-food-biscuits/felix-with-tasty-beef-and-chicken-and-with-vegetables-2-kg/1000383222940,Chicken or vegetable broth
368,Go Cat Senior with a Tasty Chicken and Turkey Mix and with Vegetables 7+ Years,https://groceries.asda.com/product/dry-cat-food-biscuits/go-cat-senior-with-a-tasty-chicken-and-turkey-mix-and-with-vegetables-7-years/1000275697710,Chicken or vegetable broth
369,Felix with Tasty Beef and Chicken and with Vegetables 750g,https://groceries.asda.com/product/dry-cat-food-biscuits/felix-with-tasty-beef-and-chicken-and-with-vegetables-750-g/1000383223027,Chicken or vegetable broth
370,Bakers Adult Chicken with Vegetables Dry Dog Food,https://groceries.asda.com/product/dry-dog-food/bakers-adult-chicken-with-vegetables-dry-dog-food/1000383135413,Chicken or vegetable broth
371,HiPP Organic Vegetable & Chicken Risotto 12+ Months 230g,https://groceries.asda.com/product/trays-kids-meals/hi-pp-organic-vegetable-chicken-risotto-12-months-230-g/1000383172920,Chicken or vegetable broth
372,Tilly & Ted Adult Chicken Dinner with Country Vegetables 1.5kg,https://groceries.asda.com/product/dry-dog-food/tilly-ted-adult-chicken-dinner-with-country-vegetables-1-5-kg/1000383223365,Chicken or vegetable broth
373,LITTLE ANGELS by ASDA Organic Vegetable & Chicken Biryani Baby Food 12+ Months,https://groceries.asda.com/product/trays-kids-meals/little-angels-by-asda-organic-vegetable-chicken-biryani-baby-food-12-months/1000196707140,Chicken or vegetable broth
374,HiPP Vegetables With Noodles & Chicken Baby Food Jar 7+ Months,https://groceries.asda.com/product/jars-pots/hi-pp-vegetables-with-noodles-chicken-baby-food-jar-7-months/21948,Chicken or vegetable broth
375,HiPP Vegetables With Rice And Chicken Baby Food Jar 6+ Months,https://groceries.asda.com/product/jars-pots/hi-pp-vegetables-with-rice-and-chicken-baby-food-jar-6-months/21956,Chicken or vegetable broth
376,Tilly & Ted Adult Chicken Dinner with Country Vegetables 395g,https://groceries.asda.com/product/dog-food-trays-pouches/tilly-ted-adult-chicken-dinner-with-country-vegetables-395-g/1000383223505,Chicken or vegetable broth
377,Go Cat Junior with a Tasty Chicken and Turkey Mix with Milk and with Vegetables <1 Year,https://groceries.asda.com/product/dry-cat-food-biscuits/go-cat-junior-with-a-tasty-chicken-and-turkey-mix-with-milk-and-with-vegetables-1-year/1000275697777,Chicken or vegetable broth
378,Go Cat 5 Promises with a Tasty Chicken and Turkey Mix and with Vegetables 1 + Years,https://groceries.asda.com/product/dry-cat-food-biscuits/go-cat-5-promises-with-a-tasty-chicken-and-turkey-mix-and-with-vegetables-1-years/1000275697697,Chicken or vegetable broth
379,Batchelors Cup a Soup Chicken & Vegetable with Croutons 4 Instant Soup Sachets,https://groceries.asda.com/product/packet-soup/batchelors-cup-a-soup-chicken-vegetable-with-croutons-4-instant-soup-sachets/668723,Chicken or vegetable broth
380,"HiLife Feed Me! Complete Nutrition with Turkey, Chicken, Bacon & Vegetables Dry Adult Dog Food",https://groceries.asda.com/product/dry-dog-food/hi-life-feed-me-complete-nutrition-with-turkey-chicken-bacon-vegetables-dry-adult-dog-food/1000084411021,Chicken or vegetable broth
381,Piccolo Organic Spring Vegetables & Chicken Casserole with Rice & A hint Tarragon 7 Months+,https://groceries.asda.com/product/pouches/piccolo-organic-spring-vegetables-chicken-casserole-with-rice-a-hint-tarragon-7-months/1000376028625,Chicken or vegetable broth
382,LITTLE ANGELS by ASDA Organic Vegetable & Chicken Cous Cous Baby Food 10+ Months,https://groceries.asda.com/product/pouches-trays/little-angels-by-asda-organic-vegetable-chicken-cous-cous-baby-food-10-months/1000196707127,Chicken or vegetable broth
383,Bakers Senior Chicken With Vegetables Dry Dog Food 1.1kg,https://groceries.asda.com/product/dry-dog-food/bakers-senior-chicken-with-vegetables-dry-dog-food-1-1-kg/1000383183032,Chicken or vegetable broth
384,Harringtons Grain Free Chicken & Potato with Vegetables Adult Dog Food Tray,https://groceries.asda.com/product/dog-food-trays-pouches/harringtons-grain-free-chicken-potato-with-vegetables-adult-dog-food-tray/910002341117,Chicken or vegetable broth
385,Naturo Grain Free Chicken & Potato with Vegetables Adult Dog Food Tray,https://groceries.asda.com/product/dog-food-trays-pouches/naturo-grain-free-chicken-potato-with-vegetables-adult-dog-food-tray/1000023134917,Chicken or vegetable broth
386,LITTLE ANGELS by ASDA Organic Vegetable & Chicken Curry with Rice Baby Food 7+ Months,https://groceries.asda.com/product/little-angels-baby-food/little-angels-by-asda-organic-vegetable-chicken-curry-with-rice-baby-food-7-months/1000280211478,Chicken or vegetable broth
387,ASDA 12 Wholegrain Under The Sea Cod & Vegetable Shapes 400g,https://groceries.asda.com/product/fish-fingers-shapes/asda-12-wholegrain-under-the-sea-cod-vegetable-shapes-400-g/1000186412196,Chicken or vegetable broth
388,Pukka 4 Puff Pastry Pies Chicken & Vegetable 171g x 4,https://groceries.asda.com/product/the-pie-shop/pukka-4-puff-pastry-pies-chicken-vegetable-171-g-x-4/1000383116513,Chicken or vegetable broth
389,Naturo Natural Pet Food Chicken & Lamb with Rice and Vegetables Adult Dog 1 to 7 Years,https://groceries.asda.com/product/dog-food-trays-pouches/naturo-natural-pet-food-chicken-lamb-with-rice-and-vegetables-adult-dog-1-to-7-years/1000215893110,Chicken or vegetable broth
390,ASDA 4 Rich Chicken & Veg Pies,https://groceries.asda.com/product/the-pie-shop/asda-4-rich-chicken-veg-pies/1000005037506,Chicken or vegetable broth
391,Bakers Small Dry Dog Food Chicken and Veg,https://groceries.asda.com/product/dry-dog-food/bakers-small-dry-dog-food-chicken-and-veg/1000036796236,Chicken or vegetable broth
392,Naturo Natural Pet Food Chicken with Fruit & Vegetables in a Herb Gravy Adult Dog 1-7 Years,https://groceries.asda.com/product/dog-food-tins/naturo-natural-pet-food-chicken-with-fruit-vegetables-in-a-herb-gravy-adult-dog-1-7-years/1000036011600,Chicken or vegetable broth
393,Hero by ASDA Chicken & Veg Dry Working Dog Food 17kg,https://groceries.asda.com/product/dry-dog-food/hero-by-asda-chicken-veg-dry-working-dog-food-17-kg/910003205974,Chicken or vegetable broth
394,Ella's Kitchen Organic Vegetable Chicken Rice Toddler Tray Meal 12+ Months,https://groceries.asda.com/product/trays-kids-meals/ellas-kitchen-organic-vegetable-chicken-rice-toddler-tray-meal-12-months/1000381564839,Chicken or vegetable broth
395,Bakers Small Dog Sensitive Tummy with Tasty Chicken & Country Vegetables 2.7kg,https://groceries.asda.com/product/dry-dog-food/bakers-small-dog-sensitive-tummy-with-tasty-chicken-country-vegetables-2-7-kg/1000383183021,Chicken or vegetable broth
396,Bakers Chicken & Veg Dry Adult Dog Food,https://groceries.asda.com/product/dry-dog-food/bakers-chicken-veg-dry-adult-dog-food/1000036796266,Chicken or vegetable broth
397,JUST ESSENTIALS by ASDA Chicken & Veg Curry,https://groceries.asda.com/product/tinned-meals/just-essentials-by-asda-chicken-veg-curry/1000383113916,Chicken or vegetable broth
398,"Hero by ASDA Chicken, Rice & Veg Dry Adult Dog Food 12kg",https://groceries.asda.com/product/dry-dog-food/hero-by-asda-chicken-rice-veg-dry-adult-dog-food-12-kg/910003206509,Chicken or vegetable broth
399,Naturo Natural Pet Food Chicken with Potato and Vegetables Puppy 2 to 12 Months 150g,https://groceries.asda.com/product/dog-food-trays-pouches/naturo-natural-pet-food-chicken-with-potato-and-vegetables-puppy-2-to-12-months-150-g/1000383183146,Chicken or vegetable broth
400,Go-Cat Adult Indoor Dry Cat Food Chicken & Veg,https://groceries.asda.com/product/dry-cat-food-biscuits/go-cat-adult-indoor-dry-cat-food-chicken-veg/1000000468366,Chicken or vegetable broth
401,Hero by ASDA Chicken & Veg Dry Adult Dog Food 2.5kg,https://groceries.asda.com/product/dry-dog-food/hero-by-asda-chicken-veg-dry-adult-dog-food-2-5-kg/910003206042,Chicken or vegetable broth
402,Naturo Natural Pet Food Chicken and Potato with Vegetables Adult Dog 1 to 7 Years 2kg,https://groceries.asda.com/product/dry-dog-food/naturo-natural-pet-food-chicken-and-potato-with-vegetables-adult-dog-1-to-7-years-2-kg/1000383183085,Chicken or vegetable broth
403,Go-Cat Senior Dry Cat Food Chicken Rice and Veg,https://groceries.asda.com/product/all-senior-cat-food/go-cat-senior-dry-cat-food-chicken-rice-and-veg/910000447932,Chicken or vegetable broth
404,ASDA Chicken Stir Fry Bundle,https://groceries.asda.com/product/stir-fry/asda-chicken-stir-fry-bundle/9999999113839,Chicken or vegetable broth
405,Naturo Natural Pet Food Mini Chicken with Potato and Vegetables Adult Dog 1 to 7 Years 150g,https://groceries.asda.com/product/dog-food-trays-pouches/naturo-natural-pet-food-mini-chicken-with-potato-and-vegetables-adult-dog-1-to-7-years-150-g/1000383183231,Chicken or vegetable broth
406,Wagg Puppy Complete Chicken & Veg 2kg,https://groceries.asda.com/product/all-puppy-food/wagg-puppy-complete-chicken-veg-2-kg/1000383222489,Chicken or vegetable broth
407,Little Dish Chicken & Veg Pie 1-5 Yrs,https://groceries.asda.com/product/kids-meals/little-dish-chicken-veg-pie-1-5-yrs/1000383168508,Chicken or vegetable broth
408,ASDA Tiger Dry Food with Chicken & Veg Indoor Cat 1.2kg,https://groceries.asda.com/product/dry-cat-food-biscuits/asda-tiger-dry-food-with-chicken-veg-indoor-cat-1-2-kg/1000383199727,Chicken or vegetable broth
409,Lurpak Slightly Salted Spreadable 400g,https://groceries.asda.com/product/spreadable-butter/lurpak-slightly-salted-spreadable-400-g/1000383173922,Salt
410,ASDA Table Salt 750g,https://groceries.asda.com/product/salt-pepper/asda-table-salt-750-g/19231,Salt
411,COOK by ASDA Sea Salt Grinder,https://groceries.asda.com/product/salt-pepper/cook-by-asda-sea-salt-grinder/910001652762,Salt
412,Saxa Table Salt,https://groceries.asda.com/product/salt-pepper/saxa-table-salt/1000000441464,Salt
413,Pringles Salt & Vinegar Sharing Crisps,https://groceries.asda.com/product/pringles-tube-snacks/pringles-salt-vinegar-sharing-crisps/1000383182363,Salt
414,Saxa Table Salt,https://groceries.asda.com/product/salt-pepper/saxa-table-salt/390458,Salt
415,Schwartz Pink Himalayan Salt,https://groceries.asda.com/product/salt-pepper/schwartz-pink-himalayan-salt/1000118273170,Salt
416,LoSalt Reduced Sodium Salt,https://groceries.asda.com/product/salt-pepper/lo-salt-reduced-sodium-salt/19319,Salt
417,Schwartz Adjustable Grinder Sea Salt,https://groceries.asda.com/product/salt-pepper/schwartz-adjustable-grinder-sea-salt/910001124889,Salt
418,Schwartz Adjustable Grinder Black Peppercorns,https://groceries.asda.com/product/salt-pepper/schwartz-adjustable-grinder-black-peppercorns/910001124268,Salt
419,COOK by ASDA Sea Salt,https://groceries.asda.com/product/salt-pepper/cook-by-asda-sea-salt/910001652240,Salt
420,Cornish Sea Salt Original,https://groceries.asda.com/product/salt-pepper/cornish-sea-salt-original/910000344273,Salt
421,ASDA Cooking Salt 3kg,https://groceries.asda.com/product/salt-pepper/asda-cooking-salt-3-kg/24414,Salt
422,Tidmans Natural Rock Salt,https://groceries.asda.com/product/salt-pepper/tidmans-natural-rock-salt/910001686879,Salt
423,Saxa Coarse Sea Salt,https://groceries.asda.com/product/salt-pepper/saxa-coarse-sea-salt/78418635,Salt
424,Saxa Fine Sea Salt,https://groceries.asda.com/product/salt-pepper/saxa-fine-sea-salt/1000000442953,Salt
425,Lurpak Slightly Salted Spreadable Blend of Butter and Rapeseed Oil,https://groceries.asda.com/product/spreadable-butter/lurpak-slightly-salted-spreadable-blend-of-butter-and-rapeseed-oil/910003245128,Salt
426,Bodrum Fine Himalayan Salt,https://groceries.asda.com/product/salt-pepper/bodrum-fine-himalayan-salt/1000211461179,Salt
427,ASDA British Salted Butter 250g,https://groceries.asda.com/product/block-butter/asda-british-salted-butter-250-g/910000418944,Salt
428,Saxa Ground Black Pepper,https://groceries.asda.com/product/salt-pepper/saxa-ground-black-pepper/1696955,Salt
429,Bodrum Himalayan Rose Pink Salt,https://groceries.asda.com/product/salt-pepper/bodrum-himalayan-rose-pink-salt/1000211461178,Salt
430,Nando's Peri-Peri Salt,https://groceries.asda.com/product/salt-pepper/nandos-peri-peri-salt/910001073206,Salt
431,Cornish Sea Salt Co Sea Salt Flakes,https://groceries.asda.com/product/salt-pepper/cornish-sea-salt-co-sea-salt-flakes/1000383142383,Salt
432,JUST ESSENTIALS by ASDA Roasted & Salted Cashew Nuts,https://groceries.asda.com/product/salted-roasted-flavoured-nuts/just-essentials-by-asda-roasted-salted-cashew-nuts/910000280367,Salt
433,COOK by ASDA Garlic Salt,https://groceries.asda.com/product/herbs/cook-by-asda-garlic-salt/414519,Salt
434,COOK by ASDA Whole Black Peppercorns,https://groceries.asda.com/product/salt-pepper/cook-by-asda-whole-black-peppercorns/23480,Salt
435,Schwartz Garlic Salt,https://groceries.asda.com/product/herbs/schwartz-garlic-salt/390012,Salt
436,COOK by ASDA Coarse Ground Black Pepper,https://groceries.asda.com/product/salt-pepper/cook-by-asda-coarse-ground-black-pepper/910002365242,Salt
437,Westlab Pure Mineral Bathing Epsom Salt,https://groceries.asda.com/product/bath-salts-bombs-scrubs/westlab-pure-mineral-bathing-epsom-salt/910002000797,Salt
438,Maldon Sea Salt Flakes 250g,https://groceries.asda.com/product/salt-pepper/maldon-sea-salt-flakes-250-g/1000383227288,Salt
439,KP Original Salted Peanuts,https://groceries.asda.com/product/salted-roasted-flavoured-nuts/kp-original-salted-peanuts/1000020329479,Salt
440,KTC Chick Peas in Salted Water,https://groceries.asda.com/product/indian-asian-cooking-ingredients/ktc-chick-peas-in-salted-water/29659390,Salt
441,La Drogheria Pink Himalayan Salt Mill 90g,https://groceries.asda.com/product/salt-pepper/la-drogheria-pink-himalayan-salt-mill-90-g/1000383226515,Salt
442,COOK by ASDA Ground Black Pepper,https://groceries.asda.com/product/salt-pepper/cook-by-asda-ground-black-pepper/414488,Salt
443,Saxa Ground White Pepper,https://groceries.asda.com/product/salt-pepper/saxa-ground-white-pepper/1696956,Salt
444,COOK by ASDA Whole Black Peppercorn Grinder,https://groceries.asda.com/product/salt-pepper/cook-by-asda-whole-black-peppercorn-grinder/57704791,Salt
445,George Home Salt and Pepper Set,https://groceries.asda.com/product/serveware-tableware/george-home-salt-and-pepper-set/1000383170295,Salt
446,KP Original Salted Peanuts,https://groceries.asda.com/product/salted-roasted-flavoured-nuts/kp-original-salted-peanuts/1000020329376,Salt
447,JUST ESSENTIALS by ASDA Lightly Salted Sharing Tortilla Chips,https://groceries.asda.com/product/tortilla-chips-dips/just-essentials-by-asda-lightly-salted-sharing-tortilla-chips/1000003092813,Salt
448,Lajkonik Paluszki - Salted Sticks,https://groceries.asda.com/product/eastern-european-snacks-drinks/lajkonik-paluszki-salted-sticks/910000028677,Salt
449,Kerrygold Salted Butter,https://groceries.asda.com/product/block-butter/kerrygold-salted-butter/20533,Salt
450,COOK by ASDA Whole Black Peppercorns,https://groceries.asda.com/product/salt-pepper/cook-by-asda-whole-black-peppercorns/910002369433,Salt
451,Lajkonik Salted Pretzels,https://groceries.asda.com/product/eastern-european-snacks-drinks/lajkonik-salted-pretzels/910000290533,Salt
452,Radox Mineral Therapy Muscle Soak Bath Salts,https://groceries.asda.com/product/bath-salts-bombs-scrubs/radox-mineral-therapy-muscle-soak-bath-salts/36846,Salt
453,Westlab Pure Mineral Bathing Dead Sea Salt,https://groceries.asda.com/product/bath-salts-bombs-scrubs/westlab-pure-mineral-bathing-dead-sea-salt/910002001033,Salt
454,ASDA Roasted & Salted Pistachios in Shell,https://groceries.asda.com/product/raw-nuts-seeds/asda-roasted-salted-pistachios-in-shell/1000373536034,Salt
455,Walkers Ready Salted Multipack Crisps,https://groceries.asda.com/product/small-multipack-crisps-4-8-packs/walkers-ready-salted-multipack-crisps/910001788991,Salt
456,ASDA Roasted & Salted Cashews 200g,https://groceries.asda.com/product/salted-roasted-flavoured-nuts/asda-roasted-salted-cashews-200-g/1000003092607,Salt
457,Lurpak Slightly Salted Butter,https://groceries.asda.com/product/block-butter/lurpak-slightly-salted-butter/1000383181136,Salt
458,ASDA Lightly Salted Tortilla Chips 180g,https://groceries.asda.com/product/tortilla-chips-dips/asda-lightly-salted-tortilla-chips-180-g/1000003092476,Salt
459,ASDA 2 in 1 Sea Salt and Fennel Extract Shower Gel for Men,https://groceries.asda.com/product/shower-gel-body-wash/asda-2-in-1-sea-salt-and-fennel-extract-shower-gel-for-men/1000138674311,Salt
460,ASDA Ready Salted Crisps 6 x 25g (150g),https://groceries.asda.com/product/small-multipack-crisps-4-8-packs/asda-ready-salted-crisps-6-x-25-g-150-g/910000292752,Salt
461,KTC Butter Beans in Salted Water 400g,https://groceries.asda.com/product/asian-lentils-pulses/ktc-butter-beans-in-salted-water-400-g/1000383167066,Salt
462,ASDA Ready Salted Potato Loops Multipack Crisps,https://groceries.asda.com/product/small-multipack-crisps-4-8-packs/asda-ready-salted-potato-loops-multipack-crisps/1000012735090,Salt
463,Cadbury Dairy Milk Fingers Salted Caramel Flavour,https://groceries.asda.com/product/chocolate-biscuits/cadbury-dairy-milk-fingers-salted-caramel-flavour/1000383160221,Salt
464,JUST ESSENTIALS by ASDA 6 Pack Ready Salted Crisps,https://groceries.asda.com/product/small-multipack-crisps-4-8-packs/just-essentials-by-asda-6-pack-ready-salted-crisps/1000383111213,Salt
465,Indus Black Pepper Ground,https://groceries.asda.com/product/salt-pepper/indus-black-pepper-ground/1000383160334,Salt
466,ASDA Black Pepper and Sea Salt Oven Baked Croutons,https://groceries.asda.com/product/salad-dressings-croutons/asda-black-pepper-and-sea-salt-oven-baked-croutons/910003092530,Salt
467,Cadbury Delights Soft Nougat Salted Caramel Bars 5 x 22g (110g),https://groceries.asda.com/product/multipack-chocolate/cadbury-delights-soft-nougat-salted-caramel-bars-5-x-22-g-110-g/1000383157468,Salt
468,La Drogheria Mediterranean Sea Salt Mill 90g,https://groceries.asda.com/product/salt-pepper/la-drogheria-mediterranean-sea-salt-mill-90-g/1000383226526,Salt
469,ASDA Green Pepper,https://groceries.asda.com/product/tomatoes-peppers/asda-green-pepper/1000070571779,Pepper
470,ASDA Extra Special Baby Peppers,https://groceries.asda.com/product/tomatoes-peppers/asda-extra-special-baby-peppers/1000310701809,Pepper
471,ASDA Extra Special Sweet Pointed Peppers (colours may vary),https://groceries.asda.com/product/tomatoes-peppers/asda-extra-special-sweet-pointed-peppers-colours-may-vary/41692,Pepper
472,ASDA Organic Peppers (Colour may vary),https://groceries.asda.com/product/tomatoes-peppers/asda-organic-peppers-colour-may-vary/38005,Pepper
473,Tabasco Original Red Pepper Hot Sauce,https://groceries.asda.com/product/hot-chilli-sauces/tabasco-original-red-pepper-hot-sauce/19297,Pepper
474,ASDA Red Pepper,https://groceries.asda.com/product/tomatoes-peppers/asda-red-pepper/18394014,Pepper
475,Ben's Original Mixed Pepper Microwave Rice,https://groceries.asda.com/product/flavoured-microwave-rice/bens-original-mixed-pepper-microwave-rice/1000383175241,Pepper
476,ASDA Orange Pepper,https://groceries.asda.com/product/tomatoes-peppers/asda-orange-pepper/18394016,Pepper
477,Schwartz Black Pepper Ground,https://groceries.asda.com/product/salt-pepper/schwartz-black-pepper-ground/19272,Pepper
478,ASDA Yellow Pepper,https://groceries.asda.com/product/tomatoes-peppers/asda-yellow-pepper/18394018,Pepper
479,Schwartz Adjustable Grinder Black Peppercorns,https://groceries.asda.com/product/salt-pepper/schwartz-adjustable-grinder-black-peppercorns/910001124268,Pepper
480,COOK by ASDA Sliced Mixed Peppers 600g,https://groceries.asda.com/product/vegetables/cook-by-asda-sliced-mixed-peppers-600-g/910002344967,Pepper
481,ASDA Crunchy & Flavoursome Peppers (Colour may vary),https://groceries.asda.com/product/tomatoes-peppers/asda-crunchy-flavoursome-peppers-colour-may-vary/910000841396,Pepper
482,COOK by ASDA Coarse Ground Black Pepper,https://groceries.asda.com/product/salt-pepper/cook-by-asda-coarse-ground-black-pepper/910002365242,Pepper
483,ASDA Mild & Subtle Padron Peppers,https://groceries.asda.com/product/chillies-spices/asda-mild-subtle-padron-peppers/910002084110,Pepper
484,COOK by ASDA Ground Black Pepper,https://groceries.asda.com/product/salt-pepper/cook-by-asda-ground-black-pepper/414488,Pepper
485,ASDA Crunchy & Fragrant Vine Ripened Tomatoes,https://groceries.asda.com/product/tomatoes-peppers/asda-crunchy-fragrant-vine-ripened-tomatoes/910003087237,Pepper
486,Saxa Ground Black Pepper,https://groceries.asda.com/product/salt-pepper/saxa-ground-black-pepper/1696955,Pepper
487,JUST ESSENTIALS by ASDA Mixed Peppers (Colour may vary),https://groceries.asda.com/product/tomatoes-peppers/just-essentials-by-asda-mixed-peppers-colour-may-vary/910003187659,Pepper
488,COOK by ASDA Ground Black Pepper,https://groceries.asda.com/product/salt-pepper/cook-by-asda-ground-black-pepper/37007,Pepper
489,Saxa Ground White Pepper,https://groceries.asda.com/product/salt-pepper/saxa-ground-white-pepper/1696956,Pepper
490,JUST ESSENTIALS by ASDA Cooking Peppers (Colour may vary),https://groceries.asda.com/product/tomatoes-peppers/just-essentials-by-asda-cooking-peppers-colour-may-vary/1000371550333,Pepper
491,COOK by ASDA Whole Black Peppercorns,https://groceries.asda.com/product/salt-pepper/cook-by-asda-whole-black-peppercorns/23480,Pepper
492,Aleyna Roasted Red Peppers,https://groceries.asda.com/product/nachos-dips/aleyna-roasted-red-peppers/910000338723,Pepper
493,ASDA Sweet & Balanced Salad Tomatoes,https://groceries.asda.com/product/tomatoes-peppers/asda-sweet-balanced-salad-tomatoes/393295,Pepper
494,ASDA Vine Ripened Cherry Tomatoes,https://groceries.asda.com/product/tomatoes-peppers/asda-vine-ripened-cherry-tomatoes/1000182530925,Pepper
495,COOK by ASDA Whole Black Peppercorn Grinder,https://groceries.asda.com/product/salt-pepper/cook-by-asda-whole-black-peppercorn-grinder/57704791,Pepper
496,ASDA Sweet & Fruity Baby Plum Tomatoes 300g,https://groceries.asda.com/product/tomatoes-peppers/asda-sweet-fruity-baby-plum-tomatoes-300-g/1000383202879,Pepper
497,Schwartz Coarse Black Pepper,https://groceries.asda.com/product/salt-pepper/schwartz-coarse-black-pepper/19270,Pepper
498,ASDA Extra Special Aromatico Tomatoes,https://groceries.asda.com/product/tomatoes-peppers/asda-extra-special-aromatico-tomatoes/1000311822880,Pepper
499,COOK by ASDA Whole Black Peppercorns,https://groceries.asda.com/product/salt-pepper/cook-by-asda-whole-black-peppercorns/910002369433,Pepper
500,ASDA Extra Special Hand Picked Aromatico Tomatoes,https://groceries.asda.com/product/tomatoes-peppers/asda-extra-special-hand-picked-aromatico-tomatoes/1000304027831,Pepper
501,ASDA Crunchy & Juicy Cherry Tomatoes 300g,https://groceries.asda.com/product/tomatoes-peppers/asda-crunchy-juicy-cherry-tomatoes-300-g/1000383202867,Pepper
502,ASDA Warm & Fruity Red Chillies,https://groceries.asda.com/product/chillies-spices/asda-warm-fruity-red-chillies/910001618078,Pepper
503,Old El Paso Mexican Roasted Tomato & Pepper Fajita Seasoning Mix,https://groceries.asda.com/product/mexican-meal-kits/old-el-paso-mexican-roasted-tomato-pepper-fajita-seasoning-mix/910000050130,Pepper
504,COOK by ASDA Rainbow Peppercorn Grinder,https://groceries.asda.com/product/salt-pepper/cook-by-asda-rainbow-peppercorn-grinder/910002518041,Pepper
505,ASDA Table Salt 750g,https://groceries.asda.com/product/salt-pepper/asda-table-salt-750-g/19231,Pepper
506,ASDA Extra Special Vine Ripened Tomatoes,https://groceries.asda.com/product/tomatoes-peppers/asda-extra-special-vine-ripened-tomatoes/26962,Pepper
507,ASDA Warm & Fruity Mixed Chillies,https://groceries.asda.com/product/chillies-spices/asda-warm-fruity-mixed-chillies/910001618429,Pepper
508,ASDA Ricotta & Red Pepper Pesto,https://groceries.asda.com/product/pesto/asda-ricotta-red-pepper-pesto/910000418780,Pepper
509,Melis Roasted Red Peppers,https://groceries.asda.com/product/olives-antipasti/melis-roasted-red-peppers/910000388503,Pepper
510,ASDA Beef Tomato,https://groceries.asda.com/product/tomatoes-peppers/asda-beef-tomato/910003088739,Pepper
511,COOK by ASDA Sea Salt,https://groceries.asda.com/product/salt-pepper/cook-by-asda-sea-salt/910001652240,Pepper
512,Peppadew Sweet Piquanté Peppers Mild Whole,https://groceries.asda.com/product/olives-antipasti-pizza-bases/peppadew-sweet-piquante-peppers-mild-whole/1000290068148,Pepper
513,ASDA Cook Ground White Pepper 105g,https://groceries.asda.com/product/salt-pepper/asda-cook-ground-white-pepper-105-g/1000383155193,Pepper
514,ASDA Fiery & Fruity Scotch Bonnet Chillies,https://groceries.asda.com/product/chillies-spices/asda-fiery-fruity-scotch-bonnet-chillies/77706360,Pepper
515,ASDA Hot & Fiery Bird Eye Chillies,https://groceries.asda.com/product/chillies-spices/asda-hot-fiery-bird-eye-chillies/402281,Pepper
516,ASDA Hot & Fragrant Thin Chillies,https://groceries.asda.com/product/chillies-spices/asda-hot-fragrant-thin-chillies/1398367,Pepper
517,ASDA Chopped Tomatoes with Chilli & Peppers,https://groceries.asda.com/product/tinned-tomatoes/asda-chopped-tomatoes-with-chilli-peppers/910002748893,Pepper
518,Dolmio Sweet Pepper Stir in Sauce,https://groceries.asda.com/product/tomato-pasta-sauces/dolmio-sweet-pepper-stir-in-sauce/20798,Pepper
519,Indus Black Pepper Ground,https://groceries.asda.com/product/salt-pepper/indus-black-pepper-ground/1000383160334,Pepper
520,Schwartz Creamy Pepper Sauce Mix,https://groceries.asda.com/product/pour-over-sauces/schwartz-creamy-pepper-sauce-mix/28453,Pepper
521,COOK by ASDA Cayenne Chilli Pepper,https://groceries.asda.com/product/spices/cook-by-asda-cayenne-chilli-pepper/23493,Pepper
522,ASDA Stuffed Peppers with Cream Cheese,https://groceries.asda.com/product/tapas-antipasti/asda-stuffed-peppers-with-cream-cheese/910003043896,Pepper
523,COOK by ASDA Sea Salt Grinder,https://groceries.asda.com/product/salt-pepper/cook-by-asda-sea-salt-grinder/910001652762,Pepper
524,ASDA German Style Peppered Salami,https://groceries.asda.com/product/ham-pork-slices/asda-german-style-peppered-salami/1000383118613,Pepper
525,Colman's Salt & Pepper Chicken Recipe Mix,https://groceries.asda.com/product/recipe-mixes/colmans-salt-pepper-chicken-recipe-mix/1000383113120,Pepper
526,Young's Gastro Signature Breaded 2 Lemon & Pepper Fish Fillets,https://groceries.asda.com/product/battered-breaded-fish/youngs-gastro-signature-breaded-2-lemon-pepper-fish-fillets/1000207689279,Pepper
527,George Home Salt and Pepper Set,https://groceries.asda.com/product/serveware-tableware/george-home-salt-and-pepper-set/1000383170295,Pepper
528,ASDA Chargrilled Mixed Peppers 285g,https://groceries.asda.com/product/olives-antipasti-pizza-bases/asda-chargrilled-mixed-peppers-285-g/1000383185325,Pepper
